job_id,line_no,item_type,item,qty_per,uom,unit_cost,cost_date
J-0850,1,raw,A36 plate,40.26,lb,0.538,2024-10-08
J-0850,2,purchased,"Hardware kit, guard",1.0,ea,1.6,2024-10-08
J-0850,3,outside,powder_coat,1.0,ea,9.05,2024-10-08
J-0851,1,raw,A500 tube,22.25,lb,0.774,2024-10-11
J-0851,2,raw,1018 bar,2.76,lb,0.914,2024-10-11
J-0851,3,purchased,Grease zerk 1/4-28,1.0,ea,0.45,2024-10-11
J-0851,4,outside,powder_coat,1.0,ea,8.99,2024-10-11
J-0852,1,raw,A36 plate,20.47,lb,0.543,2024-10-26
J-0852,2,outside,zinc_plate,1.0,ea,2.26,2024-10-26
J-0853,1,raw,A36 plate,10.9,lb,0.542,2024-10-30
J-0853,2,outside,powder_coat,1.0,ea,4.67,2024-10-30
J-0854,1,raw,A36 plate,28.63,lb,0.542,2024-10-31
J-0854,2,purchased,"Hardware kit, guard",1.0,ea,1.6,2024-10-31
J-0854,3,outside,powder_coat,1.0,ea,9.45,2024-10-31
J-0855,1,raw,A500 tube,14.38,lb,0.776,2024-11-02
J-0855,2,raw,1018 bar,2.16,lb,0.936,2024-11-02
J-0855,3,purchased,Grease zerk 1/4-28,1.0,ea,0.45,2024-11-02
J-0855,4,outside,powder_coat,1.0,ea,8.49,2024-11-02
J-0856,1,raw,A36 plate,18.0,lb,0.541,2024-11-10
J-0856,2,raw,A500 tube,3.12,lb,0.782,2024-11-10
J-0856,3,purchased,Bushing 1.25 OD x 1.00 ID x 1.50 L,2.0,ea,3.06,2024-11-10
J-0856,4,purchased,Bolt kit 4x 1/2-13 Gr8,1.0,ea,2.36,2024-11-10
J-0857,1,raw,A36 plate,25.94,lb,0.541,2024-11-10
J-0857,2,raw,A500 tube,3.31,lb,0.782,2024-11-10
J-0857,3,purchased,Bushing 1.25 OD x 1.00 ID x 1.50 L,2.0,ea,3.06,2024-11-10
J-0857,4,purchased,Bolt kit 4x 1/2-13 Gr8,1.0,ea,2.36,2024-11-10
J-0857,5,outside,powder_coat,1.0,ea,8.96,2024-11-10
J-0858,1,raw,A36 plate,17.42,lb,0.542,2024-11-17
J-0858,2,outside,powder_coat,1.0,ea,4.36,2024-11-17
J-0859,1,raw,304 SS tube,18.56,lb,2.663,2024-11-21
J-0859,2,raw,1018 bar,3.61,lb,0.932,2024-11-21
J-0859,3,purchased,Grease zerk 1/4-28,1.0,ea,0.45,2024-11-21
J-0860,1,raw,A500 tube,20.69,lb,0.792,2024-11-25
J-0860,2,raw,1018 bar,3.34,lb,0.932,2024-11-25
J-0860,3,purchased,Grease zerk 1/4-28,1.0,ea,0.45,2024-11-25
J-0860,4,outside,powder_coat,1.0,ea,9.16,2024-11-25
J-0861,1,raw,A36 plate,17.17,lb,0.544,2024-11-25
J-0861,2,purchased,"Hardware kit, guard",1.0,ea,1.61,2024-11-25
J-0861,3,outside,powder_coat,1.0,ea,9.17,2024-11-25
J-0862,1,raw,A500 tube,14.01,lb,0.79,2024-11-27
J-0862,2,raw,1018 bar,3.79,lb,0.927,2024-11-27
J-0862,3,purchased,Grease zerk 1/4-28,1.0,ea,0.45,2024-11-27
J-0862,4,outside,powder_coat,1.0,ea,9.01,2024-11-27
J-0863,1,raw,A500 tube,21.95,lb,0.786,2024-12-08
J-0863,2,raw,1018 bar,3.25,lb,0.927,2024-12-08
J-0863,3,purchased,Grease zerk 1/4-28,1.0,ea,0.45,2024-12-08
J-0863,4,outside,powder_coat,1.0,ea,9.2,2024-12-08
J-0864,1,raw,A500 tube,12.11,lb,0.78,2024-12-23
J-0864,2,raw,1018 bar,2.25,lb,0.929,2024-12-23
J-0864,3,purchased,Grease zerk 1/4-28,1.0,ea,0.45,2024-12-23
J-0864,4,outside,powder_coat,1.0,ea,9.22,2024-12-23
J-0865,1,raw,A36 plate,30.67,lb,0.544,2024-12-26
J-0865,2,purchased,"Hardware kit, guard",1.0,ea,1.61,2024-12-26
J-0866,1,raw,A36 plate,23.97,lb,0.545,2025-01-01
J-0866,2,outside,zinc_plate,1.0,ea,2.23,2025-01-01
J-0867,1,raw,5052 aluminum sheet,11.64,lb,3.191,2025-01-11
J-0867,2,purchased,"Hardware kit, guard",1.0,ea,1.61,2025-01-11
J-0868,1,raw,A36 plate,23.25,lb,0.544,2025-01-12
J-0868,2,purchased,"Hardware kit, guard",1.0,ea,1.61,2025-01-12
J-0868,3,outside,powder_coat,1.0,ea,8.32,2025-01-12
J-0869,1,raw,A500 tube,28.31,lb,0.794,2025-01-15
J-0869,2,raw,1018 bar,4.37,lb,0.929,2025-01-15
J-0869,3,purchased,Grease zerk 1/4-28,1.0,ea,0.45,2025-01-15
J-0869,4,outside,powder_coat,1.0,ea,8.9,2025-01-15
J-0870,1,raw,A36 plate,12.58,lb,0.544,2025-01-17
J-0870,2,raw,A500 tube,3.74,lb,0.795,2025-01-17
J-0870,3,purchased,Bushing 1.25 OD x 1.00 ID x 1.50 L,2.0,ea,3.08,2025-01-17
J-0870,4,purchased,Bolt kit 4x 1/2-13 Gr8,1.0,ea,2.37,2025-01-17
J-0870,5,outside,powder_coat,1.0,ea,8.5,2025-01-17
J-0871,1,raw,A36 plate,41.04,lb,0.544,2025-01-19
J-0871,2,purchased,"Hardware kit, guard",1.0,ea,1.61,2025-01-19
J-0871,3,outside,powder_coat,1.0,ea,9.15,2025-01-19
J-0872,1,raw,A36 plate,14.73,lb,0.544,2025-01-19
J-0872,2,raw,A500 tube,4.78,lb,0.795,2025-01-19
J-0872,3,purchased,Bushing 1.25 OD x 1.00 ID x 1.50 L,2.0,ea,3.08,2025-01-19
J-0872,4,purchased,Bolt kit 4x 1/2-13 Gr8,1.0,ea,2.37,2025-01-19
J-0872,5,outside,powder_coat,1.0,ea,8.38,2025-01-19
J-0873,1,raw,A36 plate,17.06,lb,0.544,2025-01-27
J-0873,2,outside,powder_coat,1.0,ea,4.46,2025-01-27
J-0874,1,raw,A36 plate,38.35,lb,0.547,2025-01-28
J-0874,2,purchased,"Hardware kit, guard",1.0,ea,1.62,2025-01-28
J-0874,3,outside,powder_coat,1.0,ea,8.96,2025-01-28
J-0875,1,raw,304 SS tube,13.03,lb,2.725,2025-02-02
J-0875,2,raw,1018 bar,3.54,lb,0.931,2025-02-02
J-0875,3,purchased,Grease zerk 1/4-28,1.0,ea,0.45,2025-02-02
J-0876,1,raw,A36 plate,16.1,lb,0.549,2025-02-08
J-0876,2,outside,powder_coat,1.0,ea,4.52,2025-02-08
J-0877,1,raw,A36 plate,19.79,lb,0.555,2025-02-20
J-0877,2,raw,A500 tube,4.3,lb,0.794,2025-02-20
J-0877,3,purchased,Bushing 1.25 OD x 1.00 ID x 1.50 L,2.0,ea,3.09,2025-02-20
J-0877,4,purchased,Bolt kit 4x 1/2-13 Gr8,1.0,ea,2.38,2025-02-20
J-0877,5,outside,powder_coat,1.0,ea,9.05,2025-02-20
J-0878,1,raw,A36 plate,19.95,lb,0.555,2025-02-22
J-0878,2,raw,A500 tube,5.41,lb,0.794,2025-02-22
J-0878,3,purchased,Bushing 1.25 OD x 1.00 ID x 1.50 L,2.0,ea,3.09,2025-02-22
J-0878,4,purchased,Bolt kit 4x 1/2-13 Gr8,1.0,ea,2.38,2025-02-22
J-0878,5,outside,powder_coat,1.0,ea,9.39,2025-02-22
J-0879,1,raw,A36 plate,15.93,lb,0.553,2025-02-28
J-0879,2,raw,A500 tube,4.0,lb,0.789,2025-02-28
J-0879,3,purchased,Bushing 1.25 OD x 1.00 ID x 1.50 L,2.0,ea,3.09,2025-02-28
J-0879,4,purchased,Bolt kit 4x 1/2-13 Gr8,1.0,ea,2.38,2025-02-28
J-0879,5,outside,powder_coat,1.0,ea,9.22,2025-02-28
J-0880,1,raw,A500 tube,13.82,lb,0.79,2025-03-06
J-0880,2,raw,1018 bar,4.3,lb,0.944,2025-03-06
J-0880,3,purchased,Grease zerk 1/4-28,1.0,ea,0.46,2025-03-06
J-0880,4,outside,powder_coat,1.0,ea,8.85,2025-03-06
J-0842,1,raw,A36 plate,14.6,lb,0.549,2025-03-12
J-0842,2,outside,powder_coat,1.0,ea,4.5,2025-03-12
J-0881,1,raw,A36 plate,21.55,lb,0.549,2025-03-12
J-0881,2,raw,A500 tube,3.22,lb,0.794,2025-03-12
J-0881,3,purchased,Bushing 1.25 OD x 1.00 ID x 1.50 L,2.0,ea,3.09,2025-03-12
J-0881,4,purchased,Bolt kit 4x 1/2-13 Gr8,1.0,ea,2.38,2025-03-12
J-0881,5,outside,powder_coat,1.0,ea,8.54,2025-03-12
J-0882,1,raw,A36 plate,19.4,lb,0.55,2025-03-22
J-0882,2,raw,A500 tube,4.36,lb,0.803,2025-03-22
J-0882,3,purchased,Bushing 1.25 OD x 1.00 ID x 1.50 L,2.0,ea,3.09,2025-03-22
J-0882,4,purchased,Bolt kit 4x 1/2-13 Gr8,1.0,ea,2.38,2025-03-22
J-0882,5,outside,powder_coat,1.0,ea,9.37,2025-03-22
J-0883,1,raw,A500 tube,144.92,lb,0.795,2025-03-25
J-0883,2,raw,A36 plate,21.26,lb,0.55,2025-03-25
J-0883,3,purchased,Pivot pin 1.00 dia,2.0,ea,4.87,2025-03-25
J-0883,4,purchased,Grease zerk 1/4-28,2.0,ea,0.46,2025-03-25
J-0883,5,outside,powder_coat,1.0,ea,27.52,2025-03-25
J-0884,1,raw,A36 plate,21.53,lb,0.55,2025-03-27
J-0884,2,raw,A500 tube,4.56,lb,0.795,2025-03-27
J-0884,3,purchased,Bushing 1.25 OD x 1.00 ID x 1.50 L,2.0,ea,3.09,2025-03-27
J-0884,4,purchased,Bolt kit 4x 1/2-13 Gr8,1.0,ea,2.38,2025-03-27
J-0884,5,outside,powder_coat,1.0,ea,9.04,2025-03-27
J-0885,1,raw,A36 plate,56.49,lb,0.55,2025-03-27
J-0885,2,purchased,"Hardware kit, guard",1.0,ea,1.62,2025-03-27
J-0885,3,outside,powder_coat,1.0,ea,8.57,2025-03-27
J-0886,1,raw,A36 plate,21.64,lb,0.552,2025-04-12
J-0886,2,raw,A500 tube,4.02,lb,0.796,2025-04-12
J-0886,3,purchased,Bushing 1.25 OD x 1.00 ID x 1.50 L,2.0,ea,3.1,2025-04-12
J-0886,4,purchased,Bolt kit 4x 1/2-13 Gr8,1.0,ea,2.39,2025-04-12
J-0886,5,outside,powder_coat,1.0,ea,8.91,2025-04-12
J-0887,1,raw,A500 tube,171.28,lb,0.796,2025-04-21
J-0887,2,raw,A36 plate,18.86,lb,0.552,2025-04-21
J-0887,3,purchased,Pivot pin 1.00 dia,2.0,ea,4.88,2025-04-21
J-0887,4,purchased,Grease zerk 1/4-28,2.0,ea,0.46,2025-04-21
J-0888,1,raw,A500 tube,11.1,lb,0.801,2025-05-04
J-0888,2,raw,1018 bar,3.39,lb,0.944,2025-05-04
J-0888,3,purchased,Grease zerk 1/4-28,1.0,ea,0.46,2025-05-04
J-0888,4,outside,powder_coat,1.0,ea,8.4,2025-05-04
J-0889,1,raw,A36 plate,21.89,lb,0.553,2025-05-09
J-0889,2,purchased,"Hardware kit, guard",1.0,ea,1.63,2025-05-09
J-0889,3,outside,powder_coat,1.0,ea,9.02,2025-05-09
J-0890,1,raw,A500 tube,163.28,lb,0.8,2025-05-13
J-0890,2,raw,A36 plate,43.63,lb,0.553,2025-05-13
J-0890,3,purchased,Pivot pin 1.00 dia,2.0,ea,4.89,2025-05-13
J-0890,4,purchased,Grease zerk 1/4-28,2.0,ea,0.46,2025-05-13
J-0890,5,outside,powder_coat,1.0,ea,27.95,2025-05-13
J-0918,1,raw,A36 plate,19.8,lb,0.555,2025-05-14
J-0918,2,raw,A500 tube,4.3,lb,0.8,2025-05-14
J-0918,3,purchased,Bushing 1.25 OD x 1.00 ID x 1.50 L,2.0,ea,3.11,2025-05-14
J-0918,4,purchased,Bolt kit 4x 1/2-13 Gr8,1.0,ea,2.39,2025-05-14
J-0918,5,outside,powder_coat,1.0,ea,8.75,2025-05-14
J-0891,1,raw,A36 plate,32.27,lb,0.555,2025-05-15
J-0891,2,raw,A500 tube,5.17,lb,0.797,2025-05-15
J-0891,3,purchased,Bushing 1.25 OD x 1.00 ID x 1.50 L,2.0,ea,3.11,2025-05-15
J-0891,4,purchased,Bolt kit 4x 1/2-13 Gr8,1.0,ea,2.39,2025-05-15
J-0891,5,outside,powder_coat,1.0,ea,9.26,2025-05-15
J-0892,1,raw,A36 plate,11.92,lb,0.555,2025-05-15
J-0892,2,outside,powder_coat,1.0,ea,4.63,2025-05-15
J-0893,1,raw,A500 tube,147.63,lb,0.797,2025-05-16
J-0893,2,raw,A36 plate,23.88,lb,0.555,2025-05-16
J-0893,3,purchased,Pivot pin 1.00 dia,2.0,ea,4.89,2025-05-16
J-0893,4,purchased,Grease zerk 1/4-28,2.0,ea,0.46,2025-05-16
J-0893,5,outside,powder_coat,1.0,ea,26.18,2025-05-16
J-0894,1,raw,A36 plate,21.41,lb,0.555,2025-05-17
J-0894,2,raw,A500 tube,5.07,lb,0.797,2025-05-17
J-0894,3,purchased,Bushing 1.25 OD x 1.00 ID x 1.50 L,2.0,ea,3.11,2025-05-17
J-0894,4,purchased,Bolt kit 4x 1/2-13 Gr8,1.0,ea,2.39,2025-05-17
J-0894,5,outside,powder_coat,1.0,ea,9.28,2025-05-17
J-0895,1,raw,A36 plate,20.33,lb,0.555,2025-05-25
J-0895,2,outside,powder_coat,1.0,ea,4.83,2025-05-25
J-0896,1,raw,A36 plate,14.38,lb,0.557,2025-05-29
J-0896,2,raw,A500 tube,4.18,lb,0.793,2025-05-29
J-0896,3,purchased,Bushing 1.25 OD x 1.00 ID x 1.50 L,2.0,ea,3.11,2025-05-29
J-0896,4,purchased,Bolt kit 4x 1/2-13 Gr8,1.0,ea,2.4,2025-05-29
J-0896,5,outside,powder_coat,1.0,ea,8.34,2025-05-29
J-0897,1,raw,A500 tube,107.73,lb,0.793,2025-05-29
J-0897,2,raw,A36 plate,29.77,lb,0.557,2025-05-29
J-0897,3,purchased,Pivot pin 1.00 dia,2.0,ea,4.89,2025-05-29
J-0897,4,purchased,Grease zerk 1/4-28,2.0,ea,0.46,2025-05-29
J-0897,5,outside,powder_coat,1.0,ea,26.4,2025-05-29
J-0898,1,raw,A500 tube,15.71,lb,0.792,2025-06-05
J-0898,2,raw,1018 bar,4.0,lb,0.936,2025-06-05
J-0898,3,purchased,Grease zerk 1/4-28,1.0,ea,0.46,2025-06-05
J-0898,4,outside,powder_coat,1.0,ea,9.38,2025-06-05
J-0899,1,raw,A36 plate,15.23,lb,0.555,2025-06-10
J-0899,2,raw,A500 tube,4.08,lb,0.792,2025-06-10
J-0899,3,purchased,Bushing 1.25 OD x 1.00 ID x 1.50 L,2.0,ea,3.11,2025-06-10
J-0899,4,purchased,Bolt kit 4x 1/2-13 Gr8,1.0,ea,2.4,2025-06-10
J-0899,5,outside,powder_coat,1.0,ea,9.19,2025-06-10
J-0900,1,raw,A36 plate,22.71,lb,0.554,2025-06-18
J-0900,2,purchased,"Hardware kit, guard",1.0,ea,1.63,2025-06-18
J-0900,3,outside,powder_coat,1.0,ea,8.61,2025-06-18
J-0901,1,raw,A500 tube,116.73,lb,0.798,2025-06-21
J-0901,2,raw,A36 plate,41.92,lb,0.552,2025-06-21
J-0901,3,purchased,Pivot pin 1.00 dia,2.0,ea,4.9,2025-06-21
J-0901,4,purchased,Grease zerk 1/4-28,2.0,ea,0.46,2025-06-21
J-0901,5,outside,powder_coat,1.0,ea,25.1,2025-06-21
J-0902,1,raw,A36 plate,17.83,lb,0.556,2025-06-26
J-0902,2,raw,A500 tube,3.48,lb,0.801,2025-06-26
J-0902,3,purchased,Bushing 1.25 OD x 1.00 ID x 1.50 L,2.0,ea,3.12,2025-06-26
J-0902,4,purchased,Bolt kit 4x 1/2-13 Gr8,1.0,ea,2.4,2025-06-26
J-0902,5,outside,powder_coat,1.0,ea,8.92,2025-06-26
J-0903,1,raw,A36 plate,28.58,lb,0.56,2025-07-04
J-0903,2,outside,powder_coat,1.0,ea,4.77,2025-07-04
J-0904,1,raw,A36 plate,10.13,lb,0.56,2025-07-07
J-0904,2,outside,zinc_plate,1.0,ea,2.0,2025-07-07
J-0905,1,raw,A36 plate,18.25,lb,0.557,2025-07-11
J-0905,2,purchased,"Hardware kit, guard",1.0,ea,1.64,2025-07-11
J-0905,3,outside,powder_coat,1.0,ea,8.4,2025-07-11
J-0906,1,raw,A36 plate,27.01,lb,0.555,2025-07-22
J-0906,2,raw,A500 tube,3.72,lb,0.807,2025-07-22
J-0906,3,purchased,Bushing 1.25 OD x 1.00 ID x 1.50 L,2.0,ea,3.12,2025-07-22
J-0906,4,purchased,Bolt kit 4x 1/2-13 Gr8,1.0,ea,2.41,2025-07-22
J-0907,1,raw,A36 plate,14.3,lb,0.554,2025-07-27
J-0907,2,raw,A500 tube,4.9,lb,0.802,2025-07-27
J-0907,3,purchased,Bushing 1.25 OD x 1.00 ID x 1.50 L,2.0,ea,3.12,2025-07-27
J-0907,4,purchased,Bolt kit 4x 1/2-13 Gr8,1.0,ea,2.41,2025-07-27
J-0907,5,outside,powder_coat,1.0,ea,9.17,2025-07-27
J-0908,1,raw,A36 plate,12.97,lb,0.554,2025-07-29
J-0908,2,raw,A500 tube,3.62,lb,0.802,2025-07-29
J-0908,3,purchased,Bushing 1.25 OD x 1.00 ID x 1.50 L,2.0,ea,3.13,2025-07-29
J-0908,4,purchased,Bolt kit 4x 1/2-13 Gr8,1.0,ea,2.41,2025-07-29
J-0908,5,outside,powder_coat,1.0,ea,9.17,2025-07-29
J-0909,1,raw,A500 tube,108.5,lb,0.802,2025-07-29
J-0909,2,raw,A36 plate,43.06,lb,0.554,2025-07-29
J-0909,3,purchased,Pivot pin 1.00 dia,2.0,ea,4.92,2025-07-29
J-0909,4,purchased,Grease zerk 1/4-28,2.0,ea,0.46,2025-07-29
J-0909,5,outside,powder_coat,1.0,ea,25.45,2025-07-29
J-0910,1,raw,A500 tube,28.02,lb,0.802,2025-08-03
J-0910,2,raw,1018 bar,3.96,lb,0.94,2025-08-03
J-0910,3,purchased,Grease zerk 1/4-28,1.0,ea,0.46,2025-08-03
J-0910,4,outside,powder_coat,1.0,ea,8.63,2025-08-03
J-0911,1,raw,A500 tube,24.87,lb,0.803,2025-08-08
J-0911,2,raw,1018 bar,4.25,lb,0.941,2025-08-08
J-0911,3,purchased,Grease zerk 1/4-28,1.0,ea,0.46,2025-08-08
J-0911,4,outside,powder_coat,1.0,ea,8.74,2025-08-08
J-0912,1,raw,A36 plate,10.41,lb,0.559,2025-08-09
J-0912,2,outside,powder_coat,1.0,ea,4.66,2025-08-09
J-0913,1,raw,A36 plate,23.37,lb,0.559,2025-08-11
J-0913,2,raw,A500 tube,3.46,lb,0.803,2025-08-11
J-0913,3,purchased,Bushing 1.25 OD x 1.00 ID x 1.50 L,2.0,ea,3.13,2025-08-11
J-0913,4,purchased,Bolt kit 4x 1/2-13 Gr8,1.0,ea,2.41,2025-08-11
J-0913,5,outside,powder_coat,1.0,ea,8.78,2025-08-11
J-0914,1,raw,A36 plate,17.22,lb,0.56,2025-08-20
J-0914,2,raw,A500 tube,3.81,lb,0.807,2025-08-20
J-0914,3,purchased,Bushing 1.25 OD x 1.00 ID x 1.50 L,2.0,ea,3.13,2025-08-20
J-0914,4,purchased,Bolt kit 4x 1/2-13 Gr8,1.0,ea,2.41,2025-08-20
J-0914,5,outside,powder_coat,1.0,ea,9.32,2025-08-20
J-0915,1,raw,A500 tube,122.26,lb,0.807,2025-08-21
J-0915,2,raw,A36 plate,30.17,lb,0.558,2025-08-21
J-0915,3,purchased,Pivot pin 1.00 dia,2.0,ea,4.93,2025-08-21
J-0915,4,purchased,Grease zerk 1/4-28,2.0,ea,0.46,2025-08-21
J-0915,5,outside,powder_coat,1.0,ea,27.73,2025-08-21
J-0916,1,raw,304 SS tube,23.63,lb,2.731,2025-09-02
J-0916,2,raw,1018 bar,3.15,lb,0.943,2025-09-02
J-0916,3,purchased,Grease zerk 1/4-28,1.0,ea,0.46,2025-09-02
J-0917,1,raw,A36 plate,30.17,lb,0.557,2025-09-04
J-0917,2,purchased,"Hardware kit, guard",1.0,ea,1.64,2025-09-04
J-0917,3,outside,powder_coat,1.0,ea,8.94,2025-09-04
J-0919,1,raw,A500 tube,13.88,lb,0.81,2025-09-07
J-0919,2,raw,1018 bar,1.42,lb,0.942,2025-09-07
J-0919,3,purchased,Grease zerk 1/4-28,1.0,ea,0.46,2025-09-07
J-0919,4,outside,powder_coat,1.0,ea,9.39,2025-09-07
J-0920,1,raw,A36 plate,23.24,lb,0.553,2025-09-10
J-0920,2,purchased,"Hardware kit, guard",1.0,ea,1.65,2025-09-10
J-0920,3,outside,powder_coat,1.0,ea,9.09,2025-09-10
J-0921,1,raw,A36 plate,23.52,lb,0.553,2025-09-11
J-0921,2,purchased,"Hardware kit, guard",1.0,ea,1.65,2025-09-11
J-0921,3,outside,powder_coat,1.0,ea,9.15,2025-09-11
J-0922,1,raw,A36 plate,24.44,lb,0.554,2025-09-17
J-0922,2,purchased,"Hardware kit, guard",1.0,ea,1.65,2025-09-17
J-0922,3,outside,powder_coat,1.0,ea,9.16,2025-09-17
J-0923,1,raw,A36 plate,16.36,lb,0.559,2025-09-22
J-0923,2,raw,A500 tube,3.2,lb,0.798,2025-09-22
J-0923,3,purchased,Bushing 1.25 OD x 1.00 ID x 1.50 L,2.0,ea,3.14,2025-09-22
J-0923,4,purchased,Bolt kit 4x 1/2-13 Gr8,1.0,ea,2.42,2025-09-22
J-0924,1,raw,A36 plate,13.82,lb,0.562,2025-09-27
J-0924,2,raw,A500 tube,4.75,lb,0.805,2025-09-27
J-0924,3,purchased,Bushing 1.25 OD x 1.00 ID x 1.50 L,2.0,ea,3.14,2025-09-27
J-0924,4,purchased,Bolt kit 4x 1/2-13 Gr8,1.0,ea,2.42,2025-09-27
J-0925,1,raw,A36 plate,29.31,lb,0.562,2025-09-28
J-0925,2,raw,A500 tube,5.77,lb,0.805,2025-09-28
J-0925,3,purchased,Bushing 1.25 OD x 1.00 ID x 1.50 L,2.0,ea,3.14,2025-09-28
J-0925,4,purchased,Bolt kit 4x 1/2-13 Gr8,1.0,ea,2.42,2025-09-28
J-0926,1,raw,A500 tube,119.23,lb,0.805,2025-09-29
J-0926,2,raw,A36 plate,66.25,lb,0.562,2025-09-29
J-0926,3,purchased,Pivot pin 1.00 dia,2.0,ea,4.94,2025-09-29
J-0926,4,purchased,Grease zerk 1/4-28,2.0,ea,0.46,2025-09-29
J-0926,5,outside,powder_coat,1.0,ea,25.03,2025-09-29
J-0955,1,raw,A36 plate,14.6,lb,0.562,2025-10-01
J-0955,2,outside,powder_coat,1.0,ea,4.5,2025-10-01
J-0927,1,raw,A500 tube,27.21,lb,0.805,2025-10-02
J-0927,2,raw,1018 bar,3.79,lb,0.951,2025-10-02
J-0927,3,purchased,Grease zerk 1/4-28,1.0,ea,0.46,2025-10-02
J-0927,4,outside,powder_coat,1.0,ea,8.32,2025-10-02
J-0928,1,raw,A500 tube,104.71,lb,0.808,2025-10-05
J-0928,2,raw,A36 plate,31.27,lb,0.563,2025-10-05
J-0928,3,purchased,Pivot pin 1.00 dia,2.0,ea,4.95,2025-10-05
J-0928,4,purchased,Grease zerk 1/4-28,2.0,ea,0.46,2025-10-05
J-0928,5,outside,powder_coat,1.0,ea,26.22,2025-10-05
J-0929,1,raw,A36 plate,14.61,lb,0.563,2025-10-10
J-0929,2,raw,A500 tube,3.63,lb,0.803,2025-10-10
J-0929,3,purchased,Bushing 1.25 OD x 1.00 ID x 1.50 L,2.0,ea,3.14,2025-10-10
J-0929,4,purchased,Bolt kit 4x 1/2-13 Gr8,1.0,ea,2.42,2025-10-10
J-0929,5,outside,powder_coat,1.0,ea,9.38,2025-10-10
J-0930,1,raw,A500 tube,22.78,lb,0.803,2025-10-11
J-0930,2,raw,1018 bar,1.46,lb,0.951,2025-10-11
J-0930,3,purchased,Grease zerk 1/4-28,1.0,ea,0.46,2025-10-11
J-0930,4,outside,powder_coat,1.0,ea,9.25,2025-10-11
J-0931,1,raw,A36 plate,25.02,lb,0.563,2025-10-14
J-0931,2,raw,A500 tube,4.29,lb,0.803,2025-10-14
J-0931,3,purchased,Bushing 1.25 OD x 1.00 ID x 1.50 L,2.0,ea,3.14,2025-10-14
J-0931,4,purchased,Bolt kit 4x 1/2-13 Gr8,1.0,ea,2.42,2025-10-14
J-0931,5,outside,powder_coat,1.0,ea,8.89,2025-10-14
J-0932,1,raw,A36 plate,17.47,lb,0.563,2025-10-15
J-0932,2,raw,A500 tube,4.36,lb,0.803,2025-10-15
J-0932,3,purchased,Bushing 1.25 OD x 1.00 ID x 1.50 L,2.0,ea,3.15,2025-10-15
J-0932,4,purchased,Bolt kit 4x 1/2-13 Gr8,1.0,ea,2.42,2025-10-15
J-0932,5,outside,powder_coat,1.0,ea,9.16,2025-10-15
J-0933,1,raw,A500 tube,22.26,lb,0.8,2025-10-17
J-0933,2,raw,1018 bar,4.7,lb,0.957,2025-10-17
J-0933,3,purchased,Grease zerk 1/4-28,1.0,ea,0.46,2025-10-17
J-0933,4,outside,powder_coat,1.0,ea,8.94,2025-10-17
J-0934,1,raw,A36 plate,13.03,lb,0.556,2025-10-30
J-0934,2,outside,powder_coat,1.0,ea,4.44,2025-10-30
J-0935,1,raw,A36 plate,35.81,lb,0.556,2025-10-31
J-0935,2,purchased,"Hardware kit, guard",1.0,ea,1.65,2025-10-31
J-0936,1,raw,A36 plate,16.36,lb,0.556,2025-11-05
J-0936,2,raw,A500 tube,5.06,lb,0.806,2025-11-05
J-0936,3,purchased,Bushing 1.25 OD x 1.00 ID x 1.50 L,2.0,ea,3.15,2025-11-05
J-0936,4,purchased,Bolt kit 4x 1/2-13 Gr8,1.0,ea,2.43,2025-11-05
J-0936,5,outside,powder_coat,1.0,ea,8.7,2025-11-05
J-0937,1,raw,A36 plate,16.05,lb,0.557,2025-11-07
J-0937,2,outside,powder_coat,1.0,ea,4.57,2025-11-07
J-0938,1,raw,A36 plate,21.71,lb,0.557,2025-11-12
J-0938,2,outside,powder_coat,1.0,ea,4.65,2025-11-12
J-0939,1,raw,A36 plate,23.57,lb,0.557,2025-11-12
J-0939,2,outside,zinc_plate,1.0,ea,2.17,2025-11-12
J-0940,1,raw,A36 plate,23.67,lb,0.558,2025-11-17
J-0940,2,raw,A500 tube,5.23,lb,0.798,2025-11-17
J-0940,3,purchased,Bushing 1.25 OD x 1.00 ID x 1.50 L,2.0,ea,3.15,2025-11-17
J-0940,4,purchased,Bolt kit 4x 1/2-13 Gr8,1.0,ea,2.43,2025-11-17
J-0940,5,outside,powder_coat,1.0,ea,9.1,2025-11-17
J-0941,1,raw,A36 plate,50.04,lb,0.565,2025-11-28
J-0941,2,purchased,"Hardware kit, guard",1.0,ea,1.66,2025-11-28
J-0941,3,outside,powder_coat,1.0,ea,9.11,2025-11-28
J-0942,1,raw,A500 tube,191.71,lb,0.8,2025-11-29
J-0942,2,raw,A36 plate,35.83,lb,0.565,2025-11-29
J-0942,3,purchased,Pivot pin 1.00 dia,2.0,ea,4.97,2025-11-29
J-0942,4,purchased,Grease zerk 1/4-28,2.0,ea,0.47,2025-11-29
J-0942,5,outside,powder_coat,1.0,ea,25.28,2025-11-29
J-0943,1,raw,A500 tube,18.4,lb,0.8,2025-11-30
J-0943,2,raw,1018 bar,2.13,lb,0.96,2025-11-30
J-0943,3,purchased,Grease zerk 1/4-28,1.0,ea,0.47,2025-11-30
J-0943,4,outside,powder_coat,1.0,ea,9.22,2025-11-30
J-0987,1,raw,A36 plate,19.8,lb,0.565,2025-12-02
J-0987,2,raw,A500 tube,4.3,lb,0.8,2025-12-02
J-0987,3,purchased,Bushing 1.25 OD x 1.00 ID x 1.50 L,2.0,ea,3.16,2025-12-02
J-0987,4,purchased,Bolt kit 4x 1/2-13 Gr8,1.0,ea,2.43,2025-12-02
J-0987,5,outside,powder_coat,1.0,ea,8.75,2025-12-02
J-0944,1,raw,A36 plate,32.81,lb,0.564,2025-12-08
J-0944,2,raw,A500 tube,4.85,lb,0.815,2025-12-08
J-0944,3,purchased,Bushing 1.25 OD x 1.00 ID x 1.50 L,2.0,ea,3.16,2025-12-08
J-0944,4,purchased,Bolt kit 4x 1/2-13 Gr8,1.0,ea,2.43,2025-12-08
J-0944,5,outside,powder_coat,1.0,ea,9.2,2025-12-08
J-0945,1,raw,A36 plate,28.31,lb,0.564,2025-12-08
J-0945,2,purchased,"Hardware kit, guard",1.0,ea,1.66,2025-12-08
J-0945,3,outside,powder_coat,1.0,ea,9.08,2025-12-08
J-0946,1,raw,A36 plate,16.33,lb,0.559,2025-12-19
J-0946,2,raw,A500 tube,3.62,lb,0.816,2025-12-19
J-0946,3,purchased,Bushing 1.25 OD x 1.00 ID x 1.50 L,2.0,ea,3.16,2025-12-19
J-0946,4,purchased,Bolt kit 4x 1/2-13 Gr8,1.0,ea,2.44,2025-12-19
J-0946,5,outside,powder_coat,1.0,ea,8.55,2025-12-19
J-0947,1,raw,304 SS tube,16.49,lb,2.679,2025-12-26
J-0947,2,raw,1018 bar,2.84,lb,0.965,2025-12-26
J-0947,3,purchased,Grease zerk 1/4-28,1.0,ea,0.47,2025-12-26
J-0948,1,raw,A500 tube,29.53,lb,0.821,2026-01-06
J-0948,2,raw,1018 bar,2.46,lb,0.958,2026-01-06
J-0948,3,purchased,Grease zerk 1/4-28,1.0,ea,0.47,2026-01-06
J-0948,4,outside,powder_coat,1.0,ea,9.12,2026-01-06
J-0949,1,raw,A36 plate,34.22,lb,0.56,2026-01-11
J-0949,2,purchased,"Hardware kit, guard",1.0,ea,1.66,2026-01-11
J-0949,3,outside,powder_coat,1.0,ea,8.68,2026-01-11
J-0950,1,raw,A500 tube,14.48,lb,0.823,2026-01-13
J-0950,2,raw,1018 bar,2.78,lb,0.958,2026-01-13
J-0950,3,purchased,Grease zerk 1/4-28,1.0,ea,0.47,2026-01-13
J-0950,4,outside,powder_coat,1.0,ea,8.56,2026-01-13
J-0951,1,raw,A36 plate,35.41,lb,0.56,2026-01-14
J-0951,2,purchased,"Hardware kit, guard",1.0,ea,1.66,2026-01-14
J-0951,3,outside,powder_coat,1.0,ea,8.35,2026-01-14
J-0952,1,raw,A500 tube,140.87,lb,0.817,2026-01-25
J-0952,2,raw,A36 plate,21.84,lb,0.565,2026-01-25
J-0952,3,purchased,Pivot pin 1.00 dia,2.0,ea,4.99,2026-01-25
J-0952,4,purchased,Grease zerk 1/4-28,2.0,ea,0.47,2026-01-25
J-0952,5,outside,powder_coat,1.0,ea,27.42,2026-01-25
J-0953,1,raw,A36 plate,30.53,lb,0.565,2026-01-30
J-0953,2,raw,A500 tube,4.86,lb,0.814,2026-01-30
J-0953,3,purchased,Bushing 1.25 OD x 1.00 ID x 1.50 L,2.0,ea,3.17,2026-01-30
J-0953,4,purchased,Bolt kit 4x 1/2-13 Gr8,1.0,ea,2.44,2026-01-30
J-0953,5,outside,powder_coat,1.0,ea,9.02,2026-01-30
J-0954,1,raw,A36 plate,28.17,lb,0.562,2026-02-08
J-0954,2,purchased,"Hardware kit, guard",1.0,ea,1.67,2026-02-08
J-0954,3,outside,powder_coat,1.0,ea,8.98,2026-02-08
J-0956,1,raw,A500 tube,111.75,lb,0.817,2026-02-19
J-0956,2,raw,A36 plate,18.47,lb,0.567,2026-02-19
J-0956,3,purchased,Pivot pin 1.00 dia,2.0,ea,5.0,2026-02-19
J-0956,4,purchased,Grease zerk 1/4-28,2.0,ea,0.47,2026-02-19
J-0956,5,outside,powder_coat,1.0,ea,26.38,2026-02-19
J-0957,1,raw,A36 plate,28.81,lb,0.567,2026-02-21
J-0957,2,purchased,"Hardware kit, guard",1.0,ea,1.67,2026-02-21
J-0957,3,outside,powder_coat,1.0,ea,8.88,2026-02-21
J-0958,1,raw,A500 tube,115.45,lb,0.819,2026-02-22
J-0958,2,raw,A36 plate,44.12,lb,0.567,2026-02-22
J-0958,3,purchased,Pivot pin 1.00 dia,2.0,ea,5.0,2026-02-22
J-0958,4,purchased,Grease zerk 1/4-28,2.0,ea,0.47,2026-02-22
J-0958,5,outside,powder_coat,1.0,ea,25.98,2026-02-22
J-0959,1,raw,A36 plate,10.36,lb,0.567,2026-02-24
J-0959,2,outside,powder_coat,1.0,ea,4.51,2026-02-24
J-0960,1,raw,A36 plate,21.62,lb,0.569,2026-02-25
J-0960,2,raw,A500 tube,3.98,lb,0.819,2026-02-25
J-0960,3,purchased,Bushing 1.25 OD x 1.00 ID x 1.50 L,2.0,ea,3.18,2026-02-25
J-0960,4,purchased,Bolt kit 4x 1/2-13 Gr8,1.0,ea,2.45,2026-02-25
J-0960,5,outside,powder_coat,1.0,ea,8.66,2026-02-25
J-1042,1,raw,A36 plate,19.8,lb,0.566,2026-03-10
J-1042,2,raw,A500 tube,4.3,lb,0.821,2026-03-10
J-1042,3,purchased,Bushing 1.25 OD x 1.00 ID x 1.50 L,2.0,ea,3.18,2026-03-10
J-1042,4,purchased,Bolt kit 4x 1/2-13 Gr8,1.0,ea,2.45,2026-03-10
J-1042,5,outside,powder_coat,1.0,ea,8.75,2026-03-10
J-0961,1,raw,A36 plate,23.18,lb,0.566,2026-03-11
J-0961,2,outside,powder_coat,1.0,ea,4.69,2026-03-11
J-0962,1,raw,A36 plate,23.07,lb,0.566,2026-03-13
J-0962,2,purchased,"Hardware kit, guard",1.0,ea,1.67,2026-03-13
J-0962,3,outside,powder_coat,1.0,ea,8.77,2026-03-13
J-0963,1,raw,A36 plate,23.99,lb,0.565,2026-03-16
J-0963,2,raw,A500 tube,4.97,lb,0.821,2026-03-16
J-0963,3,purchased,Bushing 1.25 OD x 1.00 ID x 1.50 L,2.0,ea,3.18,2026-03-16
J-0963,4,purchased,Bolt kit 4x 1/2-13 Gr8,1.0,ea,2.45,2026-03-16
J-0963,5,outside,powder_coat,1.0,ea,8.45,2026-03-16
J-0964,1,raw,A36 plate,23.03,lb,0.565,2026-03-20
J-0964,2,raw,A500 tube,5.55,lb,0.819,2026-03-20
J-0964,3,purchased,Bushing 1.25 OD x 1.00 ID x 1.50 L,2.0,ea,3.18,2026-03-20
J-0964,4,purchased,Bolt kit 4x 1/2-13 Gr8,1.0,ea,2.45,2026-03-20
J-0964,5,outside,powder_coat,1.0,ea,9.19,2026-03-20
J-0965,1,raw,A500 tube,23.19,lb,0.818,2026-03-27
J-0965,2,raw,1018 bar,3.45,lb,0.96,2026-03-27
J-0965,3,purchased,Grease zerk 1/4-28,1.0,ea,0.47,2026-03-27
J-0965,4,outside,powder_coat,1.0,ea,9.17,2026-03-27
J-0966,1,raw,A36 plate,32.44,lb,0.566,2026-03-29
J-0966,2,raw,A500 tube,4.33,lb,0.818,2026-03-29
J-0966,3,purchased,Bushing 1.25 OD x 1.00 ID x 1.50 L,2.0,ea,3.19,2026-03-29
J-0966,4,purchased,Bolt kit 4x 1/2-13 Gr8,1.0,ea,2.46,2026-03-29
J-0966,5,outside,powder_coat,1.0,ea,9.12,2026-03-29
J-0967,1,raw,A36 plate,21.92,lb,0.566,2026-03-30
J-0967,2,outside,zinc_plate,1.0,ea,2.22,2026-03-30
J-0968,1,raw,A36 plate,20.3,lb,0.582,2026-04-09
J-0968,2,raw,A500 tube,3.99,lb,0.848,2026-04-09
J-0968,3,purchased,Bushing 1.25 OD x 1.00 ID x 1.50 L,2.0,ea,3.19,2026-04-09
J-0968,4,purchased,Bolt kit 4x 1/2-13 Gr8,1.0,ea,2.46,2026-04-09
J-0968,5,outside,powder_coat,1.0,ea,9.43,2026-04-09
J-0969,1,raw,A36 plate,15.35,lb,0.582,2026-04-10
J-0969,2,outside,powder_coat,1.0,ea,4.73,2026-04-10
J-0970,1,raw,A36 plate,20.49,lb,0.607,2026-04-21
J-0970,2,raw,A500 tube,3.66,lb,0.879,2026-04-21
J-0970,3,purchased,Bushing 1.25 OD x 1.00 ID x 1.50 L,2.0,ea,3.19,2026-04-21
J-0970,4,purchased,Bolt kit 4x 1/2-13 Gr8,1.0,ea,2.46,2026-04-21
J-0970,5,outside,powder_coat,1.0,ea,8.52,2026-04-21
J-0971,1,raw,A36 plate,14.85,lb,0.612,2026-04-30
J-0971,2,outside,powder_coat,1.0,ea,4.52,2026-04-30
J-0972,1,raw,A500 tube,18.93,lb,0.876,2026-05-01
J-0972,2,raw,1018 bar,4.09,lb,1.013,2026-05-01
J-0972,3,purchased,Grease zerk 1/4-28,1.0,ea,0.47,2026-05-01
J-0972,4,outside,powder_coat,1.0,ea,8.44,2026-05-01
J-0973,1,raw,A500 tube,88.88,lb,0.881,2026-05-06
J-0973,2,raw,A36 plate,23.61,lb,0.617,2026-05-06
J-0973,3,purchased,Pivot pin 1.00 dia,2.0,ea,5.03,2026-05-06
J-0973,4,purchased,Grease zerk 1/4-28,2.0,ea,0.47,2026-05-06
J-0973,5,outside,powder_coat,1.0,ea,27.31,2026-05-06
J-0974,1,raw,A36 plate,19.07,lb,0.617,2026-05-16
J-0974,2,raw,A500 tube,4.35,lb,0.884,2026-05-16
J-0974,3,purchased,Bushing 1.25 OD x 1.00 ID x 1.50 L,2.0,ea,3.2,2026-05-16
J-0974,4,purchased,Bolt kit 4x 1/2-13 Gr8,1.0,ea,2.46,2026-05-16
J-0974,5,outside,powder_coat,1.0,ea,8.62,2026-05-16
J-0975,1,raw,A500 tube,22.43,lb,0.894,2026-05-20
J-0975,2,raw,1018 bar,2.42,lb,1.052,2026-05-20
J-0975,3,purchased,Grease zerk 1/4-28,1.0,ea,0.47,2026-05-20
J-0975,4,outside,powder_coat,1.0,ea,8.69,2026-05-20
J-0976,1,raw,A36 plate,9.94,lb,0.616,2026-05-26
J-0976,2,outside,powder_coat,1.0,ea,4.43,2026-05-26
J-0977,1,raw,A36 plate,32.56,lb,0.616,2026-05-26
J-0977,2,raw,A500 tube,4.6,lb,0.897,2026-05-26
J-0977,3,purchased,Bushing 1.25 OD x 1.00 ID x 1.50 L,2.0,ea,3.2,2026-05-26
J-0977,4,purchased,Bolt kit 4x 1/2-13 Gr8,1.0,ea,2.47,2026-05-26
J-0977,5,outside,powder_coat,1.0,ea,8.43,2026-05-26
J-0978,1,raw,A500 tube,20.93,lb,0.897,2026-05-27
J-0978,2,raw,1018 bar,2.45,lb,1.052,2026-05-27
J-0978,3,purchased,Grease zerk 1/4-28,1.0,ea,0.47,2026-05-27
J-0978,4,outside,powder_coat,1.0,ea,8.86,2026-05-27
J-0979,1,raw,A500 tube,116.65,lb,0.897,2026-05-28
J-0979,2,raw,A36 plate,34.61,lb,0.616,2026-05-28
J-0979,3,purchased,Pivot pin 1.00 dia,2.0,ea,5.04,2026-05-28
J-0979,4,purchased,Grease zerk 1/4-28,2.0,ea,0.47,2026-05-28
J-0979,5,outside,powder_coat,1.0,ea,25.86,2026-05-28
J-0980,1,raw,A500 tube,137.92,lb,0.897,2026-05-29
J-0980,2,raw,A36 plate,36.05,lb,0.616,2026-05-29
J-0980,3,purchased,Pivot pin 1.00 dia,2.0,ea,5.04,2026-05-29
J-0980,4,purchased,Grease zerk 1/4-28,2.0,ea,0.47,2026-05-29
J-0980,5,outside,powder_coat,1.0,ea,26.04,2026-05-29
J-0981,1,raw,5052 aluminum sheet,12.03,lb,3.099,2026-05-31
J-0981,2,purchased,"Hardware kit, guard",1.0,ea,1.68,2026-05-31
J-0982,1,raw,A36 plate,35.1,lb,0.61,2026-05-31
J-0982,2,raw,A500 tube,4.43,lb,0.895,2026-05-31
J-0982,3,purchased,Bushing 1.25 OD x 1.00 ID x 1.50 L,2.0,ea,3.2,2026-05-31
J-0982,4,purchased,Bolt kit 4x 1/2-13 Gr8,1.0,ea,2.47,2026-05-31
J-0982,5,outside,powder_coat,1.0,ea,9.25,2026-05-31
J-0983,1,raw,A500 tube,147.05,lb,0.895,2026-06-06
J-0983,2,raw,A36 plate,35.03,lb,0.61,2026-06-06
J-0983,3,purchased,Pivot pin 1.00 dia,2.0,ea,5.04,2026-06-06
J-0983,4,purchased,Grease zerk 1/4-28,2.0,ea,0.47,2026-06-06
J-0983,5,outside,powder_coat,1.0,ea,25.53,2026-06-06
J-0984,1,raw,A500 tube,12.29,lb,0.895,2026-06-10
J-0984,2,raw,1018 bar,2.39,lb,1.067,2026-06-10
J-0984,3,purchased,Grease zerk 1/4-28,1.0,ea,0.47,2026-06-10
J-0984,4,outside,powder_coat,1.0,ea,8.75,2026-06-10
J-1077,1,raw,A36 plate,19.8,lb,0.615,2026-06-18
J-1077,2,raw,A500 tube,4.3,lb,0.894,2026-06-18
J-1077,3,purchased,Bushing 1.25 OD x 1.00 ID x 1.50 L,2.0,ea,3.21,2026-06-18
J-1077,4,purchased,Bolt kit 4x 1/2-13 Gr8,1.0,ea,2.47,2026-06-18
J-1077,5,outside,powder_coat,1.0,ea,8.75,2026-06-18
J-0985,1,raw,A36 plate,38.84,lb,0.617,2026-06-19
J-0985,2,outside,zinc_plate,1.0,ea,2.14,2026-06-19
J-0986,1,raw,A36 plate,16.51,lb,0.619,2026-07-02
J-0986,2,raw,A500 tube,3.98,lb,0.9,2026-07-02
J-0986,3,purchased,Bushing 1.25 OD x 1.00 ID x 1.50 L,2.0,ea,3.21,2026-07-02
J-0986,4,purchased,Bolt kit 4x 1/2-13 Gr8,1.0,ea,2.47,2026-07-02
J-0986,5,outside,powder_coat,1.0,ea,8.67,2026-07-02
J-1103,1,raw,A36 plate,19.8,lb,0.629,2026-07-08
J-1103,2,raw,A500 tube,4.3,lb,0.908,2026-07-08
J-1103,3,purchased,Bushing 1.25 OD x 1.00 ID x 1.50 L,2.0,ea,3.21,2026-07-08
J-1103,4,purchased,Bolt kit 4x 1/2-13 Gr8,1.0,ea,2.47,2026-07-08
J-1103,5,outside,powder_coat,1.0,ea,8.75,2026-07-08
J-0988,1,raw,A36 plate,34.24,lb,0.634,2026-07-13
J-0988,2,raw,A500 tube,4.46,lb,0.908,2026-07-13
J-0988,3,purchased,Bushing 1.25 OD x 1.00 ID x 1.50 L,2.0,ea,3.21,2026-07-13
J-0988,4,purchased,Bolt kit 4x 1/2-13 Gr8,1.0,ea,2.48,2026-07-13
J-0988,5,outside,powder_coat,1.0,ea,8.58,2026-07-13
J-0989,1,raw,A500 tube,19.01,lb,0.91,2026-07-17
J-0989,2,raw,1018 bar,4.47,lb,1.068,2026-07-17
J-0989,3,purchased,Grease zerk 1/4-28,1.0,ea,0.47,2026-07-17
J-0989,4,outside,powder_coat,1.0,ea,8.49,2026-07-17
J-0990,1,raw,A500 tube,125.03,lb,0.913,2026-07-25
J-0990,2,raw,A36 plate,22.83,lb,0.631,2026-07-25
J-0990,3,purchased,Pivot pin 1.00 dia,2.0,ea,5.06,2026-07-25
J-0990,4,purchased,Grease zerk 1/4-28,2.0,ea,0.47,2026-07-25
J-0990,5,outside,powder_coat,1.0,ea,24.87,2026-07-25
J-0991,1,raw,A36 plate,28.61,lb,0.629,2026-07-26
J-0991,2,raw,A500 tube,4.82,lb,0.913,2026-07-26
J-0991,3,purchased,Bushing 1.25 OD x 1.00 ID x 1.50 L,2.0,ea,3.22,2026-07-26
J-0991,4,purchased,Bolt kit 4x 1/2-13 Gr8,1.0,ea,2.48,2026-07-26
J-0991,5,outside,powder_coat,1.0,ea,9.02,2026-07-26
J-0992,1,raw,A36 plate,14.3,lb,0.629,2026-07-26
J-0992,2,raw,A500 tube,3.92,lb,0.913,2026-07-26
J-0992,3,purchased,Bushing 1.25 OD x 1.00 ID x 1.50 L,2.0,ea,3.22,2026-07-26
J-0992,4,purchased,Bolt kit 4x 1/2-13 Gr8,1.0,ea,2.48,2026-07-26
J-0993,1,raw,A36 plate,36.5,lb,0.629,2026-07-27
J-0993,2,raw,A500 tube,5.26,lb,0.908,2026-07-27
J-0993,3,purchased,Bushing 1.25 OD x 1.00 ID x 1.50 L,2.0,ea,3.22,2026-07-27
J-0993,4,purchased,Bolt kit 4x 1/2-13 Gr8,1.0,ea,2.48,2026-07-27
J-0993,5,outside,powder_coat,1.0,ea,8.82,2026-07-27
J-0994,1,raw,A500 tube,98.64,lb,0.908,2026-07-30
J-0994,2,raw,A36 plate,39.05,lb,0.629,2026-07-30
J-0994,3,purchased,Pivot pin 1.00 dia,2.0,ea,5.06,2026-07-30
J-0994,4,purchased,Grease zerk 1/4-28,2.0,ea,0.47,2026-07-30
J-0994,5,outside,powder_coat,1.0,ea,27.79,2026-07-30
J-1118,1,raw,A36 plate,14.6,lb,0.627,2026-08-05
J-1118,2,outside,powder_coat,1.0,ea,4.5,2026-08-05
J-0995,1,raw,A36 plate,23.43,lb,0.629,2026-08-10
J-0995,2,raw,A500 tube,4.45,lb,0.912,2026-08-10
J-0995,3,purchased,Bushing 1.25 OD x 1.00 ID x 1.50 L,2.0,ea,3.22,2026-08-10
J-0995,4,purchased,Bolt kit 4x 1/2-13 Gr8,1.0,ea,2.48,2026-08-10
J-0995,5,outside,powder_coat,1.0,ea,8.87,2026-08-10
J-0996,1,raw,304 SS tube,21.6,lb,2.657,2026-08-16
J-0996,2,raw,1018 bar,3.48,lb,1.07,2026-08-16
J-0996,3,purchased,Grease zerk 1/4-28,1.0,ea,0.48,2026-08-16
J-0997,1,raw,A500 tube,14.84,lb,0.917,2026-08-22
J-0997,2,raw,1018 bar,3.0,lb,1.07,2026-08-22
J-0997,3,purchased,Grease zerk 1/4-28,1.0,ea,0.48,2026-08-22
J-0997,4,outside,powder_coat,1.0,ea,9.1,2026-08-22
J-0998,1,raw,A36 plate,21.41,lb,0.634,2026-08-23
J-0998,2,outside,zinc_plate,1.0,ea,2.11,2026-08-23
J-0999,1,raw,A36 plate,13.01,lb,0.634,2026-08-25
J-0999,2,outside,powder_coat,1.0,ea,4.85,2026-08-25
J-1000,1,raw,A36 plate,15.96,lb,0.633,2026-09-14
J-1000,2,raw,A500 tube,4.96,lb,0.927,2026-09-14
J-1000,3,purchased,Bushing 1.25 OD x 1.00 ID x 1.50 L,2.0,ea,3.23,2026-09-14
J-1000,4,purchased,Bolt kit 4x 1/2-13 Gr8,1.0,ea,2.49,2026-09-14
J-1001,1,raw,A36 plate,33.67,lb,0.633,2026-09-15
J-1001,2,purchased,"Hardware kit, guard",1.0,ea,1.69,2026-09-15
J-1001,3,outside,powder_coat,1.0,ea,8.92,2026-09-15
J-1002,1,raw,5052 aluminum sheet,16.14,lb,3.095,2026-09-18
J-1002,2,purchased,"Hardware kit, guard",1.0,ea,1.69,2026-09-18
