doc_id,job_id,doc_type,date,part_family,work_center,line_key,old_value,new_value,text
D-0001,J-0850,rfq_email,2024-10-04,mounting_plate,,,,,"Hello,

Could you please quote 25 pieces of HLW-MP-1336, Adapter / mounting plate, 1/2 A36 plate, machined holes, per the attached drawing?
Material: 1/2 ASTM A36 plate
Finish: per print
Welding: standard structural welds per print
Required delivery: 3 weeks ARO

Thanks,
Megan Tolliver
Hawkeye Loader Works"
D-0002,J-0851,rfq_email,2024-10-04,tube_assembly,,,,,"PIC-TA-5457 / Tube assembly, 2x2x3/16 A500 tube with A36 plate end caps, welded / qty 50
3/16 A500 Gr B, powder coat black
Delivery: 4 weeks ARO
Quote pls.

Greg Stuckey
Prairie Implement Co."
D-0003,J-0852,rfq_email,2024-10-04,frame,,,,,"RFQ - CVE-FR-4241 Main frame weldment, 3x3x1/4 A500 tube with 1/2 A36 plates, pivot pins
Qty: 15
Matl: 1/2 A-36 HR
Weld: welds per print, appearance not critical
Finish: powder coat implement yellow
Ship date: 6 weeks ARO

Carla Voss / Cedar Valley Equipment"
D-0004,J-0853,rfq_email,2024-10-09,mounting_plate,,,,,"Pls quote 50 ea CVE-MP-9036 Adapter / mounting plate, 5/8 A36 plate, machined holes, material 5/8 A36 HR plate, finish powder coat black.
Heads up on welds: standard welds, no cosmetic requirement.
Due: 3 weeks ARO

Carla Voss
Cedar Valley Equipment"
D-0005,J-0854,rfq_email,2024-10-09,tube_assembly,,,,,"Quote needed on NSA-TA-9891 - Tube assembly, 2x2x3/16 A500 tube with A36 plate end caps, welded, qty 75.
Material and finish per print. Note: standard structural welds per print.
Timing: 4 weeks ARO
Please send price and lead time.

Laura Kinsella
North Star Ag Systems"
D-0006,J-0855,rfq_email,2024-10-11,frame,,,,,"Hello,

Could you please quote 40 pieces of CVE-FR-4241, Main frame weldment, 3x3x1/4 A500 tube with 5/8 A36 plates, pivot pins, per the attached drawing?
Material: 5/8 ASTM A36 plate
Finish: powder coat orange
Welding: standard welds, no cosmetic requirement
Required delivery: 6 weeks ARO

Thanks,
Dana Kessler
Cedar Valley Equipment"
D-0007,J-0856,rfq_email,2024-10-18,frame,,,,,"Hello,

Could you please qoute 20 pieces of NSA-FR-9848, Sub-frame weldment, A500 tube rails, 5/8 A36 gussets and mounts, per the attached drawing?
Material: 5/8 A-36 HR
Finish: powder coat gray
Welding: standard welds, no cosmetic requirement
Required delivery: 7 weeks ARO

Thanks,
Mark Holloway
North Star Ag Systems"
D-0008,J-0857,rfq_email,2024-10-21,tube_assembly,,,,,"Hello,

Could you please quote 25 pieces of LHM-TA-5598, Tube assembly, 2x2x3/16 A500 tube with A36 plate end caps, welded, per the attached drawing?
Material: 3/16 HSS A500
Finish: powder coat red
Welding: welds per print, appearance not critical
Required delivery: 4 weeks ARO

Thanks,
Derek Halvorsen
Loess Hills Machinery"
D-0009,J-0853,debrief,2024-10-23,mounting_plate,powder_coat,out.powder_coat,,,"Masking took longer than planned, every tapped hole needed a plug and the bushing bores got capped before coat. Figure 5 min a piece just masking."
D-0010,J-0858,rfq_email,2024-10-24,guard,,,,,"Hi,

Attached is a new drawing for LHM-GD-7124 (Shield / guard panel, 12 ga A36 sheet, formed flanges, welded brackets). Looking for pricing on a quantity of 40.
Material: 12 ga A36
Welds: cosmetic welds on the visible side, no spatter
Finish: powder coat gray

Let me know if you have any questions on the print.

Thanks,
Derek Halvorsen
Loess Hills Machinery"
D-0011,J-0859,rfq_email,2024-10-27,hitch_bracket,,,,,"PIC-HB-5592 / Hitch bracket weldment, 3/8 A36 plate, laser + formed parts, 2x2x3/16 A500 tube, bushings & bolt kit / qty 500
3/8 ASTM A36 plate, powder coat black
Delivery: 5 weeks ARO
Quote pls.

Mark Holloway
Prairie Implement Co."
D-0012,J-0860,rfq_email,2024-10-29,mounting_plate,,,,,"Quote needed on LHM-MP-4439 - Adapter / mounting plate, 5/8 A36 plate, machined holes, qty 300.
Material and finish per print. Note: standard welds, no cosmetic requirement.
Timing: 3 weeks ARO
Please send price and lead time.

Greg Stuckey
Loess Hills Machinery"
D-0013,J-0861,rfq_email,2024-11-01,hitch_bracket,,,,,"Hello,

Could you please quote 150 pieces of RRA-HB-9772, Hitch bracket weldment, 3/8 A36 plate, laser + formed parts, 2x2x3/16 A500 tube, bushings & bolt kit, per the attached drawing?
Material: 3/8 ASTM A36 plate
Finish: powder coat black
Welding: welds per print, appearance not critical
Required delivery: 5 weeks ARO

Thanks,
Brent Ostrander
Raccoon River Attachments"
D-0014,J-0862,rfq_email,2024-11-01,hitch_bracket,,,,,"RFQ - LHM-HB-568 Hitch bracket weldment, 1/4 A36 plate, laser + formed parts, 2x2x3/16 A500 tube, bushings & bolt kit
Qty: 50
Matl: 1/4 A-36 HR
Weld: visible welds must look clean, no spatter or undercut on the outside face
Finish: powder coat gloss black
Ship date: 4 weeks ARO

Derek Halvorsen / Loess Hills Machinery"
D-0015,J-0863,rfq_email,2024-11-07,hitch_bracket,,,,,"Hi,

Attached is a new drawnig for CVE-HB-8631 (Hitch bracket weldment, 3/8 A36 plate, laser + formed parts, 2x2x3/16 A500 tube, bushings & bolt kit). Looking for pricing on a quantity of 300.
Material: 3/8 A36
Welds: visible welds must look clean, no spatter or undercut on the outside face
Finish: powder coat black

Let me know if you have any questions on the print.

Thanks,
Laura Kinsella
Cedar Valley Equipment"
D-0016,J-0852,debrief,2024-11-11,frame,weld,weld.setup,,,First run on this frame and no fixture was quoted. Spent half a day building one out of angle and toggle clamps before we could tack a single part. Quote a fixture on new frames.
D-0017,J-0864,rfq_email,2024-11-11,guard,,,,,"Quote needed on NSA-GD-2804 - Belt guard, 10 ga A36 sheet, laser cut and formed, tack-welded tabs, qty 20.
Material and finsh per print. Note: show-side welds need to be smooth and blended, appearance is inspected.
Timing: 4 weeks ARO
Please send price and lead time.

Carla Voss
North Star Ag Systems"
D-0018,J-0865,rfq_email,2024-12-02,guard,,,,,"Need price on attached, 250 pcs LHM-GD-4138 (Shield / guard panel, 12 ga A36 sheet, formed flanges, welded brackets).
Material: 12 ga HR A36. Finish: powder coat red.
Due: 5 weeks ARO

Jenna Pruitt
Loess Hills Machinery"
D-0019,J-0866,rfq_email,2024-12-03,hitch_bracket,,,,,"Pls quote 100 ea RRA-HB-1088 Hitch bracket weldment, 3/8 A36 plate, laser + formed parts, 2x2x3/16 A500 tube, bushings & bolt kit, material 3/8 A-36 HR, finish powder coat orange.
Heads up on welds: standard welds, no cosmetic requirement.
Due: 5 weeks ARO

Kelsey Amundsen
Raccoon River Attachments"
D-0020,J-0867,rfq_email,2024-12-05,frame,,,,,"Pls quote 10 ea PIC-FR-664 Sub-frame weldment, A500 tube rails, 3/8 A36 gussets and mounts, material 3/8 HR A36, finish powder coat gloss black.
Heads up on welds: visible welds must look clean, no spatter or undercut on the outside face.
Due: 6 weeks ARO

Derek Halvorsen
Prairie Implement Co."
D-0021,J-0868,rfq_email,2024-12-08,mounting_plate,,,,,"Pls quote 50 ea NSA-MP-1686 Adapter / mounting plate, 3/8 A36 plate, machined holes, material 3/8 HR A36, finish powder coat gray.
Heads up on welds: welds per print, appearance not critical.
Due: 3 weeks ARO

Travis Lindgren
North Star Ag Systems"
D-0022,J-0869,rfq_email,2024-12-16,hitch_bracket,,,,,"Good morning,

We are requesting a quote for the following:

Part number: CVE-HB-835
Description: Hitch bracket weldment, 1/2 A36 plate, laser + formed parts, 2x2x3/16 A500 tube, bushings & bolt kit
Quantity: 150
Material: 1/2 A36 HR plate
Finish: powder coat red
Weld requirement: standard welds, no cosmetic requirement
Required date: 5 weeks ARO

Please include lead time with your quote.

Regards,
Jenna Pruitt
Cedar Valley Equipment"
D-0023,J-0870,rfq_email,2024-12-19,frame,,,,,"Good morning,

We are requesting a quote for the following:

Part number: RRA-FR-9886
Description: Sub-frame weldment, A500 tube rails, 3/8 A36 gussets and mounts
Quantity: 60
Material: 3/8 HR A36
Finish: none
Weld requirement: standard welds, no cosmetic requirement
Required date: 6 weeks ARO

Please include lead time with your quote.

Regards,
Derek Halvorsen
Raccoon River Attachments"
D-0024,J-0871,rfq_email,2024-12-21,frame,,,,,"NSA-FR-7288 / Main frame weldment, 3x3x1/4 A500 tube with 5/8 A36 plates, pivot pins / qty 40
5/8 HR A36, powder coat red
Delivery: 6 weeks ARO
Quote pls.

Jenna Pruitt
North Star Ag Systems"
D-0025,J-0872,rfq_email,2024-12-24,mounting_plate,,,,,"Hello,

We are sourcing a new part, PIC-MP-1399 (Adapter / mounting plate, 5/8 A36 plate, machined holes), and would appreciate a quote for 200 pieces.
Material is 5/8 A-36 HR and the finish is none.
Please pay attention to the welding note: standard structural welds per print.
Requested delivery: 3 weeks ARO

Please let me know if you need a model or have questions.

Thank you,
Laura Kinsella
Prairie Implement Co."
D-0026,J-0873,rfq_email,2024-12-25,tube_assembly,,,,,"CVE-TA-5242 / Tube assembly, 2x2x3/16 A500 tube with A36 plate end caps, welded / qty 75
3/16 HSS A500, none
Delivery: 5 weeks ARO
Quote pls.

Mark Holloway
Cedar Valley Equipment"
D-0027,J-0874,rfq_email,2024-12-26,guard,,,,,"Good morning,

We are requesting a quote for the following:

Part number: HLW-GD-7027
Description: Belt guard, 14 ga A36 sheet, laser cut and formed, tack-welded tabs
Quantity: 100
Material: 14 ga ASTM A36 plate
Finish: powder coat gloss black
Weld requirement: cosmetic welds on the visible side, no spatter
Required date: 4 weeks ARO

Please include lead time with your quote.

Regards,
Derek Halvorsen
Hawkeye Loader Works"
D-0028,J-0875,rfq_email,2024-12-26,hitch_bracket,,,,,"Hi,

Attached is a new drawing for LHM-HB-568 (Hitch bracket weldment, 1/2 A36 plate, laser + formed parts, 2x2x3/16 A500 tube, bushings & bolt kit). Looking for pricing on a quantity of 250.
Material: 1/2 A-36 HR
Welds: cosmetic welds on the visible side, no spatter
Finish: powder coat black

Let me know if you have any questions on the print.

Thanks,
Kelsey Amundsen
Loess Hills Machinery"
D-0029,J-0876,rfq_email,2024-12-27,tube_assembly,,,,,"Good morning,

We are requesting a quote for the following:

Part number: NSA-TA-9891
Description: Tube assembly, 2x2x3/16 A500 tube with A36 plate end caps, welded
Quantity: 150
Material: 3/16 HSS A500
Finish: powder coat black
Weld requirement: welds per print, appearance not critical
Required date: 3 weeks ARO

Please include lead time with your quote.

Regards,
Mark Holloway
North Star Ag Systems"
D-0030,J-0877,rfq_email,2024-12-28,mounting_plate,,,,,"Hi,

Attached is a new drawing for NSA-MP-1686 (Mounting plate, 1/2 A36, laser cut, drilled & tapped). Looking for pricing on a quantity of 40.
Material: 1/2 HR A36
Welds: welds per print, appearance not critical
Finish: powder coat implement yellow

Let me know if you have any questions on the print.

Thanks,
Dana Kessler
North Star Ag Systems"
D-0031,J-0878,rfq_email,2025-01-01,tube_assembly,,,,,"Pls quote 200 ea LHM-TA-4598 Tube assembly, 2x2x3/16 A500 tube with A36 plate end caps, welded, material 3/16 ASTM A500, finish powder coat black.
Heads up on welds: standard welds, no cosmetic requirement.
Due: 4 weeks ARO

Carla Voss
Loess Hills Machinery"
D-0032,J-0879,rfq_email,2025-01-07,hitch_bracket,,,,,"PIC-HB-6798 / Hitch bracket weldment, 3/8 A36 plate, laser + formed parts, 2x2x3/16 A500 tube, bushings & bolt kit / qty 150
3/8 ASTM A36 plate, powder coat gray
Delivery: 5 weeks ARO
Quote pls.

Travis Lindgren
Prairie Implement Co."
D-0033,J-0880,rfq_email,2025-01-09,tube_assembly,,,,,"Hello,

We are sourcing a new part, LHM-TA-4598 (Tube assembly, 2x2x3/16 A500 tube with A36 plate end caps, welded), and would appreciate a qoute for 75 pieces.
Material is 3/16 A500 Gr B and the finish is powder coat black.
Please pay attention to the welding note: standard welds, no cosmetic requirement.
Requested delivery: 4 weeks ARO

Please let me know if you need a model or have questions.

Thank you,
Mark Holloway
Loess Hills Machinery"
D-0034,J-0881,rfq_email,2025-01-12,hitch_bracket,,,,,"Hello,

We are sourcing a new part, PIC-HB-1367 (Hitch bracket weldment, 3/8 A36 plate, laser + formed parts, 2x2x3/16 A500 tube, bushings & bolt kit), and would appreciate a quote for 250 pieces.
Material is 3/8 A-36 HR and the finish is powder coat gray.
Please pay attention to the welding note: visible welds must look clean, no spatter or undercut on the outside face.
Requested delivery: 5 weeks ARO

Please let me know if you need a model or have questions.

Thank you,
Derek Halvorsen
Prairie Implement Co."
D-0035,J-0867,debrief,2025-01-13,frame,weld,weld.run,,,Weld hrs over on the outside rails. Print calls cosmetic welds on the exposed side so we were blending every start and stop. Added close to 10 min a piece.
D-0036,J-0882,rfq_email,2025-01-15,frame,,,,,"LHM-FR-1135 / Sub-frame weldment, A500 tube rails, 3/8 A36 gussets and mounts / qty 60
3/8 A-36 HR, powder coat orange
Delivery: 6 weeks ARO
Quote pls.

Greg Stuckey
Loess Hills Machinery"
D-0037,J-0874,debrief,2025-01-19,guard,weld,weld.setup,,,"New tube assembly, nothing to locate the cross tubes. Tacked up a jig out of scrap plate and V-blocks. Setup ran about 4 hrs over, needs a fixture line on the quote."
D-0038,J-0883,rfq_email,2025-01-21,hitch_bracket,,,,,"Hello,

Could you please quote 150 pieces of LHM-HB-9656, Hitch bracket weldment, 1/2 A36 plate, laser + formed parts, 2x2x3/16 A500 tube, bushings & bolt kit, per the attached drawing?
Material: 1/2 ASTM A36 plate
Finish: powder coat implement yellow
Welding: show-side welds need to be smooth and blended, appearance is inspected
Required delivery: 5 weeks ARO

Thanks,
Travis Lindgren
Loess Hills Machinery"
D-0039,J-0884,rfq_email,2025-01-22,frame,,,,,"Hello,

We are sourcing a new part, HLW-FR-9320 (Sub-frame weldment, A500 tube rails, 3/8 A36 gussets and mounts), and would appreciate a quote for 20 pieces.
Material is 3/8 A36 and the finish is per print.
Please pay attention to the welding note: visible welds must look clean, no spatter or undercut on the outside face.
Requested delivery: 7 weeks ARO

Please let me know if you need a model or have questions.

Thank you,
Kelsey Amundsen
Hawkeye Loader Works"
D-0040,J-0878,debrief,2025-01-23,tube_assembly,weld,weld.run,,,"Weld on the tube assemblies ran close to quote. Switched to .045 wire and bumped gas flow, less porosity on the end caps."
D-0041,J-0871,debrief,2025-01-26,frame,weld,weld.run,,,Welder had to slow travel speed and lay a 2nd pass on the visible side to get the bead uniform. Customer is picky about how that side looks. Figure 25-30% over on weld.
D-0042,J-0871,debrief,2025-01-26,frame,weld,weld.run,,,"Weld on the tube assemblies ran close to quote. Switched to .045 wire and bumped gas flow, less porosity on the end caps."
D-0043,J-0875,debrief,2025-01-27,hitch_bracket,weld,weld.run,,,Visible side welds took a lot longer than quoted. Customer wants that face clean so every piece got a cap pass and a flap disc to knock off spatter. Weld ran about a third over.
D-0044,J-0875,debrief,2025-01-27,hitch_bracket,,,,,"Customer changed a hole location mid-run, updated print is in the job folder."
D-0045,J-0880,debrief,2025-02-04,tube_assembly,,,,,"Brake was down half a day for maintenance, caught up on 2nd shift."
D-0046,J-0885,rfq_email,2025-02-04,tube_assembly,,,,,"Pls quote 25 ea NSA-TA-8362 Tube assembly, 2x2x3/16 A500 tube with A36 plate end caps, welded, material 3/16 A500 Gr B, finish powder coat red.
Heads up on welds: welds per print, appearance not critical.
Due: 4 weeks ARO

Dana Kessler
North Star Ag Systems"
D-0047,J-0883,ncr,2025-02-17,hitch_bracket,press_brake,press_brake.run,,,"NCR: 1/2"" A36 ear brackets cracking on the outside of the 90. V-die opening too small for the thickness. Disposition: scrap 4 pcs, re-cut blanks."
D-0048,J-0886,rfq_email,2025-02-20,guard,,,,,"Hi,

New part coming up, please qoute 20 pcs of HLW-GD-7027 (Shield / guard panel, 10 ga 5052 aluminum, formed flanges, welded brackets). Drawing attached.
Material is 10 ga 5052 alum, finish is none. Note on welding: welds per print, appearance not critical.
Delivery: 4 weeks ARO

Thanks much,
Nicole Brandvold
Hawkeye Loader Works"
D-0049,J-0883,debrief,2025-02-22,hitch_bracket,,,,,"Shipped complete, counts verified at pack."
D-0050,J-0887,rfq_email,2025-02-23,mounting_plate,,,,,"Quote needed on NSA-MP-1686 - Adapter / mounting plate, 5/8 A36 plate, machined holes, qty 300.
Material and finsh per print. Note: standard structural welds per print.
Timing: 3 weeks ARO
Please send price and lead time.

Greg Stuckey
North Star Ag Systems"
D-0051,J-0888,rfq_email,2025-02-28,frame,,,,,"Hello,

We are sourcing a new part, PIC-FR-411 (Main frame weldment, 3x3x1/4 A500 tube with 1/2 A36 plates, pivot pins), and would appreciate a quote for 60 pieces.
Material is 1/2 ASTM A36 plate and the finish is powder coat implement yellow.
Please pay attention to the welding note: standard welds, no cosmetic requirement.
Requested delivery: 6 weeks ARO

Please let me know if you need a model or have questions.

Thank you,
Carla Voss
Prairie Implement Co."
D-0052,J-0884,debrief,2025-03-07,frame,weld,weld.run,,,Over on weld again. Extra time keeping the bead consistent on the cosmetic side and wire brushing every joint before paint. None of that was in the quote.
D-0053,J-0887,ncr,2025-03-07,mounting_plate,press_brake,press_brake.run,,,"NCR: 5/8"" mounting plates bent with the grain, hairline cracks at the bend OD on 6 pcs. Blanks need to nest across the grain. Disposition: scrap 6 pcs, re-cut."
D-0054,J-0842,rfq_email,2025-03-12,mounting_plate,,,,,"Hello,

Could you please qoute 50 pieces of LHM-MP-0620, Mounting plate, 1/2 A36 plate, laser cut, drilled & tapped 4x 1/2-13, per the attached drawing?
Material: 1/2 A36
Finish: powder coat black
Welding: standard structural welds per print
Required delivery: 3 weeks ARO

Thanks,
Mark Holloway
Loess Hills Machinery"
D-0055,J-0886,debrief,2025-03-13,guard,,,,,"Short run, most of the time was setup."
D-0056,J-0889,rfq_email,2025-03-21,frame,,,,,"Pls quote 10 ea NSA-FR-3771 Sub-frame weldment, A500 tube rails, 1/2 A36 gussets and mounts, material 1/2 ASTM A36 plate, finish powder coat gloss black.
Heads up on welds: show-side welds need to be smooth and blended, appearance is inspected.
Due: 7 weeks ARO

Laura Kinsella
North Star Ag Systems"
D-0057,J-0890,rfq_email,2025-03-23,mounting_plate,,,,,"Hi,

New part coming up, please quote 40 pcs of HLW-MP-1179 (Mounting plate, 1/2 A36, laser cut, drilled & tapped). Drawing attached.
Material is 1/2 A36, finish is powder coat gray. Note on welding: welds per print, appearance not critical.
Delivery: 2 weeks ARO

Thanks much,
Laura Kinsella
Hawkeye Loader Works"
D-0058,J-0891,rfq_email,2025-03-26,tube_assembly,,,,,"Hello,

We are sourcing a new part, NSA-TA-8684 (Tube assembly, 2x2x3/16 A500 tube with A36 plate end caps, welded), and would appreciate a quote for 25 pieces.
Material is 3/16 HSS A500 and the finish is powder coat gray.
Please pay attention to the welding note: welds per print, appearance not critical.
Requested delivery: 4 weeks ARO

Please let me know if you need a model or have questions.

Thank you,
Ryan Pettibone
North Star Ag Systems"
D-0059,J-0892,rfq_email,2025-03-27,guard,,,,,"NSA-GD-2804 / Shield / guard panel, 10 ga A36 sheet, formed flanges, welded brackets / qty 20
10 ga ASTM A36 plate, powder coat black
Delivery: 5 weeks ARO
Quote pls.

Laura Kinsella
North Star Ag Systems"
D-0060,J-0842,debrief,2025-03-28,mounting_plate,,,,,Ran clean. Tap drill program saved for next time.
D-0061,J-0893,rfq_email,2025-04-14,hitch_bracket,,,,,"Hi,

New part coming up, please quote 50 pcs of NSA-HB-7740 (Hitch bracket weldment, 1/4 A36 plate, laser + formed parts, 2x2x3/16 A500 tube, bushings & bolt kit). Drawing attached.
Material is 1/4 A36, finish is none. Note on welding: welds per print, appearance not critical.
Delivery: 4 weeks ARO

Thanks much,
Travis Lindgren
North Star Ag Systems"
D-0062,J-0894,rfq_email,2025-04-14,hitch_bracket,,,,,"Need price on attached, 300 pcs RRA-HB-2533 (Hitch bracket weldment, 1/4 A36 plate, laser + formed parts, 2x2x3/16 A500 tube, bushings & bolt kit).
Material: 1/4 A-36 HR. Finish: powder coat black.
Due: 4 weeks ARO

Ryan Pettibone
Raccoon River Attachments"
D-0063,J-0895,rfq_email,2025-04-23,guard,,,,,"LHM-GD-5422 / Belt guard, 10 ga A36 sheet, laser cut and formed, tack-welded tabs / qty 150
10 ga HR A36, powder coat black
Delivery: 4 weeks ARO
Quote pls.

Mark Holloway
Loess Hills Machinery"
D-0064,J-0892,debrief,2025-04-24,guard,powder_coat,out.powder_coat,,,"Powder coat vendor turnaround was 8 working days, not the 5 we planned. Shipped 3 days late. Pad lead time on anything going out for coat."
D-0065,J-0896,rfq_email,2025-04-26,tube_assembly,,,,,"Hello,

We are sourcing a new part, NSA-TA-8159 (Tube assembly, 2x2x3/16 A500 tube with A36 plate end caps, welded), and would appreciate a quote for 75 pieces.
Material is 3/16 HSS A500 and the finish is powder coat red.
Please pay attention to the welding note: welds per print, appearance not critical.
Requested delivery: 4 weeks ARO

Please let me know if you need a model or have questions.

Thank you,
Jenna Pruitt
North Star Ag Systems"
D-0066,J-0897,rfq_email,2025-04-27,hitch_bracket,,,,,"HLW-HB-7147 / Hitch bracket weldment, 3/8 A36 plate, laser + formed parts, 2x2x3/16 A500 tube, bushings & bolt kit / qty 500
3/8 ASTM A36 plate, powder coat gloss black
Delivery: 4 weeks ARO
Quote pls.

Nicole Brandvold
Hawkeye Loader Works"
D-0067,J-0898,rfq_email,2025-05-01,mounting_plate,,,,,"LHM-MP-4439 / Mounting plate, 1/2 A36, laser cut, drilled & tapped / qty 500
1/2 HR A36, powder coat black
Delivery: 3 weeks ARO
Quote pls.

Laura Kinsella
Loess Hills Machinery"
D-0068,J-0889,debrief,2025-05-02,frame,weld,weld.setup,,,"Setup ran long, no fixture on this new frame. Squaring it up w/ C-clamps and a tape was slow, took 3 tries to get diagonals in. Recommend building a real fixture and quoting it."
D-0069,J-0889,debrief,2025-05-02,frame,weld,weld.run,,,Weld hrs over on the outside rails. Print calls cosmetic welds on the exposed side so we were blending every start and stop. Added close to 10 min a piece.
D-0070,J-0899,rfq_email,2025-05-06,guard,,,,,"Hi,

New part coming up, please quote 40 pcs of HLW-GD-775 (Shield / guard panel, 14 ga A36 sheet, formed flanges, welded brackets). Drawing attached.
Material is 14 ga ASTM A36 plate, finish is powder coat gray. Note on welding: cosmetic welds on the visible side, no spatter.
Delivery: 4 weeks ARO

Thanks much,
Mark Holloway
Hawkeye Loader Works"
D-0071,J-0900,rfq_email,2025-05-14,mounting_plate,,,,,"Hello,

Could you please quote 20 pieces of PIC-MP-5639, Mounting plate, 3/8 A36, laser cut, drilled & tapped, per the attached drawing?
Material: 3/8 HR A36
Finish: powder coat orange
Welding: welds per print, appearance not critical
Required delivery: 3 weeks ARO

Thanks,
Mark Holloway
Prairie Implement Co."
D-0072,J-0918,rfq_email,2025-05-14,hitch_bracket,,,,,"Pls quote 100 ea CVE-HB-4410 Rev A Hitch bracket weldment Rev A, 3/8 A36 plate, laser + formed parts, 2x2x3/16 A500 tube, bushings & bolt kit, material 3/8 A36, finish powder coat black.
Heads up on welds: show-side welds need to be smooth and blended, appearance is inspected.
Due: 5 weeks ARO

Nicole Brandvold
Cedar Valley Equipment"
D-0073,J-0901,rfq_email,2025-05-15,frame,,,,,"Pls quote 5 ea LHM-FR-5204 Main frame weldment, 3x3x1/4 A500 tube with 5/8 A36 plates, pivot pins, material 5/8 A-36 HR, finish powder coat black.
Heads up on welds: welds per print, appearance not critical.
Due: 6 weeks ARO

Nicole Brandvold
Loess Hills Machinery"
D-0074,J-0902,rfq_email,2025-05-16,tube_assembly,,,,,"Hi,

Attached is a new drawing for LHM-TA-3474 (Tube assembly, 2x2x3/16 A500 tube with A36 plate end caps, welded). Looking for pricing on a quantity of 50.
Material: 3/16 ASTM A500
Welds: welds per print, appearance not critical
Finish: powder coat orange

Let me know if you have any questions on the print.

Thanks,
Scott Dreyer
Loess Hills Machinery"
D-0075,J-0896,debrief,2025-05-22,tube_assembly,weld,weld.setup,,,"Had to improvise a fixture for the first batch, tubes kept rolling on the table. Welded stops onto a scrap plate. Setup ate most of 1st shift. Add fixture hrs to the next quote."
D-0076,J-0903,rfq_email,2025-05-29,guard,,,,,"Good morning,

We are requesting a quote for the following:

Part number: LHM-GD-7124
Description: Shield / guard panel, 10 ga A36 sheet, formed flanges, welded brackets
Quantity: 20
Material: 10 ga A-36 HR
Finish: powder coat implement yellow
Weld requirement: cosmetic welds on the visible side, no spatter
Required date: 4 weeks ARO

Please include lead time with your quote.

Regards,
Brent Ostrander
Loess Hills Machinery"
D-0077,J-0918,debrief,2025-06-15,hitch_bracket,weld,weld.run,,,"Rev A first run. Fixture we quoted paid for itself, fit-up went fast after that. Cosmetic side needed extra blending."
D-0078,J-0904,rfq_email,2025-06-18,mounting_plate,,,,,"Hi,

Attached is a new drawing for PIC-MP-5539 (Adapter / mounting plate, 1/2 A36 plate, machined holes). Looking for pricing on a quantity of 50.
Material: 1/2 A36
Welds: welds per print, appearance not critical
Finish: powder coat gray

Let me know if you have any questions on the print.

Thanks,
Megan Tolliver
Prairie Implement Co."
D-0079,J-0901,ncr,2025-06-19,frame,press_brake,press_brake.run,,,"NCR: 1/2"" side rails out of tolerance from springback, angle opened up 2-3 deg after release. Overbent and re-hit. Disposition: rework."
D-0080,J-0903,debrief,2025-06-19,guard,,,,,Paint came back on time and parts looked good.
D-0081,J-0905,rfq_email,2025-06-20,guard,,,,,"RFQ - HLW-GD-7027 Shield / guard panel, 10 ga A36 sheet, formed flanges, welded brackets
Qty: 20
Matl: 10 ga ASTM A36 plate
Weld: show-side welds need to be smooth and blended, appearance is inspected
Finish: powder coat implement yellow
Ship date: 4 weeks ARO

Carla Voss / Hawkeye Loader Works"
D-0082,J-0906,rfq_email,2025-06-29,tube_assembly,,,,,"RFQ - RRA-TA-5285 Tube assembly, 2x2x3/16 A500 tube with A36 plate end caps, welded
Qty: 200
Matl: 3/16 A500 Gr B
Weld: standard welds, no cosmetic requirement
Finish: powder coat gloss black
Ship date: 5 weeks ARO

Scott Dreyer / Raccoon River Attachments"
D-0083,J-0907,rfq_email,2025-07-04,hitch_bracket,,,,,"Hello,

Could you please quote 200 pieces of CVE-HB-975, Hitch bracket weldment, 1/2 A36 plate, laser + formed parts, 2x2x3/16 A500 tube, bushings & bolt kit, per the attached drawing?
Material: 1/2 A-36 HR
Finish: powder coat orange
Welding: visible welds must look clean, no spatter or undercut on the outside face
Required delivery: 5 weeks ARO

Thanks,
Megan Tolliver
Cedar Valley Equipment"
D-0084,J-0908,rfq_email,2025-07-09,hitch_bracket,,,,,"Hi,

New part coming up, please quote 300 pcs of PIC-HB-6798 (Hitch bracket weldment, 3/8 A36 plate, laser + formed parts, 2x2x3/16 A500 tube, bushings & bolt kit). Drawing attached.
Material is 3/8 A36 HR plate, finish is powder coat gloss black. Note on welding: standard welds, no cosmetic requirement.
Delivery: 5 weeks ARO

Thanks much,
Ryan Pettibone
Prairie Implement Co."
D-0085,J-0907,ncr,2025-07-27,hitch_bracket,press_brake,press_brake.run,,,"NCR: 3/4"" hitch plate cracked on the outside radius, was running a 3"" V-die, too tight for 3/4. Moved to the 6"" die, tonnage checked ok. Disposition: scrap 2 pcs, re-cut."
D-0086,J-0906,debrief,2025-07-28,tube_assembly,inspect_pack,inspect_pack.run,,,"Frames didn't fit a standard pallet, built 4 custom crates. Added a couple hrs at pack. Sprayed rust inhibitor on the bare machined surfaces before crating."
D-0087,J-0909,rfq_email,2025-07-29,tube_assembly,,,,,"RFQ - CVE-TA-5242 Tube assembly, 2x2x3/16 A500 tube with A36 plate end caps, welded
Qty: 25
Matl: 3/16 HSS A500
Weld: welds per print, appearance not critical
Finish: powder coat implement yellow
Ship date: 5 weeks ARO

Kelsey Amundsen / Cedar Valley Equipment"
D-0088,J-0910,rfq_email,2025-08-02,hitch_bracket,,,,,"Hello,

We are sourcing a new part, LHM-HB-568 (Hitch bracket weldment, 1/4 A36 plate, laser + formed parts, 2x2x3/16 A500 tube, bushings & bolt kit), and would appreciate a quote for 250 pieces.
Material is 1/4 A36 and the finish is powder coat orange.
Please pay attention to the welding note: visible welds must look clean, no spatter or undercut on the outside face.
Requested delivery: 5 weeks ARO

Please let me know if you need a model or have questions.

Thank you,
Nicole Brandvold
Loess Hills Machinery"
D-0089,J-0911,rfq_email,2025-08-07,frame,,,,,"Good morning,

We are requesting a quote for the following:

Part number: LHM-FR-4216
Description: Main frame weldment, 3x3x1/4 A500 tube with 5/8 A36 plates, pivot pins
Quantity: 40
Material: 5/8 A-36 HR
Finish: powder coat orange
Weld requirement: cosmetic welds on the visible side, no spatter
Required date: 6 weeks ARO

Please include lead time with your quote.

Regards,
Greg Stuckey
Loess Hills Machinery"
D-0090,J-0912,rfq_email,2025-08-12,guard,,,,,"Pls quote 20 ea NSA-GD-9291 Belt guard, 10 ga A36 sheet, laser cut and formed, tack-welded tabs, material 10 ga A36 HR plate, finish powder coat gray.
Heads up on welds: standard structural welds per print.
Due: 4 weeks ARO

Scott Dreyer
North Star Ag Systems"
D-0091,J-0913,rfq_email,2025-08-15,hitch_bracket,,,,,"Quote needed on HLW-HB-7147 - Hitch bracket weldment, 3/8 A36 plate, laser + formed parts, 2x2x3/16 A500 tube, bushings & bolt kit, qty 300.
Material and finsh per print. Note: standard structural welds per print.
Timing: 5 weeks ARO
Please send price and lead time.

Nicole Brandvold
Hawkeye Loader Works"
D-0092,J-0914,rfq_email,2025-08-18,hitch_bracket,,,,,"Pls qoute 100 ea NSA-HB-1782 Hitch bracket weldment, 1/4 A36 plate, laser + formed parts, 2x2x3/16 A500 tube, bushings & bolt kit, material 1/4 A-36 HR, finish none.
Heads up on welds: standard welds, no cosmetic requirement.
Due: 5 weeks ARO

Greg Stuckey
North Star Ag Systems"
D-0093,J-0915,rfq_email,2025-08-23,hitch_bracket,,,,,"LHM-HB-9656 / Hitch bracket weldment, 1/2 A36 plate, laser + formed parts, 2x2x3/16 A500 tube, bushings & bolt kit / qty 100
1/2 HR A36, powder coat black
Delivery: 5 weeks ARO
Quote pls.

Greg Stuckey
Loess Hills Machinery"
D-0094,J-0916,rfq_email,2025-08-24,guard,,,,,"PIC-GD-5479 / Belt guard, 14 ga A36 sheet, laser cut and formed, tack-welded tabs / qty 100
14 ga A36, powder coat black
Delivery: 3 weeks ARO
Quote pls.

Kelsey Amundsen
Prairie Implement Co."
D-0095,J-0917,rfq_email,2025-08-25,mounting_plate,,,,,"Good morning,

We are requesting a quote for the following:

Part number: PIC-MP-901
Description: Adapter / mounting plate, 3/4 A36 plate, machined holes
Quantity: 500
Material: 3/4 A36
Finish: powder coat orange
Weld requirement: standard structural welds per print
Required date: 3 weeks ARO

Please include lead time with your quote.

Regards,
Greg Stuckey
Prairie Implement Co."
D-0096,J-0919,rfq_email,2025-08-27,mounting_plate,,,,,"Good morning,

We are requesting a quote for the following:

Part number: LHM-MP-2077
Description: Mounting plate, 1/2 A36, laser cut, drilled & tapped
Quantity: 20
Material: 1/2 A-36 HR
Finish: powder coat orange
Weld requirement: standard structural welds per print
Required date: 3 weeks ARO

Please include lead time with your quote.

Regards,
Dana Kessler
Loess Hills Machinery"
D-0097,J-0910,debrief,2025-08-30,hitch_bracket,weld,weld.run,,,"First 5 pcs got kicked back for weld appearance on the visible face, nothing structural. Redid the beads and blended. Weld time way over quote, cosmetic needs its own line next time."
D-0098,J-0920,rfq_email,2025-09-10,mounting_plate,,,,,"Pls quote 500 ea PIC-MP-6192 Adapter / mounting plate, 3/8 A36 plate, machined holes, material 3/8 HR A36, finish none.
Heads up on welds: standard welds, no cosmetic requirement.
Due: 3 weeks ARO

Greg Stuckey
Prairie Implement Co."
D-0099,J-0921,rfq_email,2025-09-11,hitch_bracket,,,,,"Hi,

New part coming up, please qoute 25 pcs of PIC-HB-9487 (Hitch bracket weldment, 3/8 A36 plate, laser + formed parts, 2x2x3/16 A500 tube, bushings & bolt kit). Drawing attached.
Material is 3/8 A36 HR plate, finish is powder coat black. Note on welding: show-side welds need to be smooth and blended, appearance is inspected.
Delivery: 4 weeks ARO

Thanks much,
Derek Halvorsen
Prairie Implement Co."
D-0100,J-0922,rfq_email,2025-09-17,frame,,,,,"Hi,

Attached is a new drawing for HLW-FR-9320 (Sub-frame weldment, A500 tube rails, 3/8 A36 gussets and mounts). Looking for pricing on a quantity of 5.
Material: 3/8 A-36 HR
Welds: cosmetic welds on the visible side, no spatter
Finish: powder coat gloss black

Let me know if you have any questions on the print.

Thanks,
Travis Lindgren
Hawkeye Loader Works"
D-0101,J-0955,rfq_email,2025-10-01,mounting_plate,,,,,"Good morning,

We are requesting a quote for the following:

Part number: LHM-MP-0620
Description: Mounting plate, 1/2 A36 plate, laser cut, drilled & tapped 4x 1/2-13
Quantity: 40
Material: 1/2 A36
Finish: powder coat black
Weld requirement: welds per print, appearance not critical
Required date: 3 weeks ARO

Please include lead time with your quote.

Regards,
Carla Voss
Loess Hills Machinery"
D-0102,J-0923,rfq_email,2025-10-07,frame,,,,,"Hello,

Could you please quote 20 pieces of NSA-FR-1975, Sub-frame weldment, A500 tube rails, 1/2 A36 gussets and mounts, per the attached drawing?
Material: 1/2 ASTM A36 plate
Finish: powder coat implement yellow
Welding: standard structural welds per print
Required delivery: 7 weeks ARO

Thanks,
Mark Holloway
North Star Ag Systems"
D-0103,J-0924,rfq_email,2025-10-19,mounting_plate,,,,,"RFQ - NSA-MP-4736 Mounting plate, 5/8 A36, laser cut, drilled & tapped
Qty: 20
Matl: 5/8 A36 HR plate
Weld: standard structural welds per print
Finish: powder coat black
Ship date: 3 weeks ARO

Jenna Pruitt / North Star Ag Systems"
D-0104,J-0925,rfq_email,2025-10-28,hitch_bracket,,,,,"Quote needed on PIC-HB-5420 - Hitch bracket weldment, 1/2 A36 plate, laser + formed parts, 2x2x3/16 A500 tube, bushings & bolt kit, qty 50.
Material and finish per print. Note: standard welds, no cosmetic requirement.
Timing: 4 weeks ARO
Please send price and lead time.

Laura Kinsella
Prairie Implement Co."
D-0105,J-0926,rfq_email,2025-10-28,mounting_plate,,,,,"Quote needed on NSA-MP-4736 - Adapter / mounting plate, 3/4 A36 plate, machined holes, qty 25.
Material and finsh per print. Note: standard welds, no cosmetic requirement.
Timing: 2 weeks ARO
Please send price and lead time.

Jenna Pruitt
North Star Ag Systems"
D-0106,J-0927,rfq_email,2025-11-03,hitch_bracket,,,,,"PIC-HB-4255 / Hitch bracket weldment, 1/4 A36 plate, laser + formed parts, 2x2x3/16 A500 tube, bushings & bolt kit / qty 50
1/4 HR A36, powder coat black
Delivery: 5 weeks ARO
Quote pls.

Mark Holloway
Prairie Implement Co."
D-0107,J-0928,rfq_email,2025-11-05,guard,,,,,"Hello,

Could you please quote 40 pieces of HLW-GD-7027, Belt guard, 12 ga A36 sheet, laser cut and formed, tack-welded tabs, per the attached drawing?
Material: 12 ga A36
Finish: powder coat implement yellow
Welding: standard welds, no cosmetic requirement
Required delivery: 4 weeks ARO

Thanks,
Mark Holloway
Hawkeye Loader Works"
D-0108,J-0923,debrief,2025-11-18,frame,,,,,"Hrs came in slightly under quote on this one, crew did a good job."
D-0109,J-0925,debrief,2025-11-22,hitch_bracket,weld,weld.setup,,,"Pulled the jig from the last order off the rack, needed one locating pin replaced. Setup took about 45 min vs 4+ hrs first time around."
D-0110,J-0928,debrief,2025-11-29,guard,,,,,Paint came back on time and parts looked good.
D-0111,J-0929,rfq_email,2025-11-29,tube_assembly,,,,,"Need price on attached, 75 pcs NSA-TA-8684 (Tube assembly, 2x2x3/16 A500 tube with A36 plate end caps, welded).
Material: 3/16 HSS A500. Finish: powder coat implement yellow.
Due: 5 weeks ARO

Ryan Pettibone
North Star Ag Systems"
D-0112,J-0987,rfq_email,2025-12-02,hitch_bracket,,,,,"HLW-HB-2207 / Hitch bracket weldment, 3/8 A36 plate, laser cut + formed ears, 2x2x3/16 A500 tube, bushings / qty 150
3/8 A36, powder coat implement yellow
Delivery: 5 weeks ARO
Quote pls.

Megan Tolliver
Hawkeye Loader Works"
D-0113,J-0927,debrief,2025-12-06,hitch_bracket,weld,weld.setup,,,"First article setup took forever. No fixture, so we clamped to the table and measured every tack. Should quote a simple fixture, it'd pay for itself on repeats."
D-0114,J-0927,debrief,2025-12-06,hitch_bracket,,,,,"Repeat job, nothing new to report."
D-0115,J-0930,rfq_email,2025-12-11,tube_assembly,,,,,"CVE-TA-5242 / Tube assembly, 2x2x3/16 A500 tube with A36 plate end caps, welded / qty 200
3/16 A500 Gr B, powder coat orange
Delivery: 5 weeks ARO
Quote pls.

Mark Holloway
Cedar Valley Equipment"
D-0116,J-0931,rfq_email,2025-12-16,tube_assembly,,,,,"Hello,

Could you please quote 100 pieces of LHM-TA-8621, Tube assembly, 2x2x3/16 A500 tube with A36 plate end caps, welded, per the attached drawing?
Material: 3/16 A500 Gr B
Finish: powder coat red
Welding: welds per print, appearance not critical
Required delivery: 4 weeks ARO

Thanks,
Scott Dreyer
Loess Hills Machinery"
D-0117,J-0932,rfq_email,2025-12-24,mounting_plate,,,,,"Pls quote 25 ea RRA-MP-149 Adapter / mounting plate, 5/8 A36 plate, machined holes, material 5/8 A-36 HR, finish powder coat orange.
Heads up on welds: welds per print, appearance not critical.
Due: 3 weeks ARO

Travis Lindgren
Raccoon River Attachments"
D-0118,J-0933,rfq_email,2026-01-01,guard,,,,,"Good morning,

We are requesting a quote for the following:

Part number: HLW-GD-4725
Description: Belt guard, 14 ga A36 sheet, laser cut and formed, tack-welded tabs
Quantity: 150
Material: 14 ga A36 HR plate
Finish: powder coat implement yellow
Weld requirement: standard welds, no cosmetic requirement
Required date: 4 weeks ARO

Please include lead time with your quote.

Regards,
Nicole Brandvold
Hawkeye Loader Works"
D-0119,J-0987,debrief,2026-01-01,hitch_bracket,weld,weld.run,,,"Weld ran over on the show side again, about a third over quote. Grind kept up."
D-0120,J-0934,rfq_email,2026-01-03,tube_assembly,,,,,"Hi,

Attached is a new drawing for HLW-TA-8213 (Tube assembly, 2x2x3/16 A500 tube with A36 plate end caps, welded). Looking for pricing on a quantity of 75.
Material: 3/16 A500 Gr B
Welds: standard structural welds per print
Finish: powder coat black

Let me know if you have any questions on the print.

Thanks,
Dana Kessler
Hawkeye Loader Works"
D-0121,J-0930,debrief,2026-01-09,tube_assembly,,,,,Paint came back on time and parts looked good.
D-0122,J-0935,rfq_email,2026-01-12,mounting_plate,,,,,"Hi,

Attached is a new drawing for PIC-MP-3147 (Adapter / mounting plate, 1/2 A36 plate, machined holes). Looking for pricing on a quantity of 500.
Material: 1/2 ASTM A36 plate
Welds: welds per print, appearance not critical
Finish: powder coat black

Let me know if you have any questions on the print.

Thanks,
Carla Voss
Prairie Implement Co."
D-0123,J-0936,rfq_email,2026-01-14,hitch_bracket,,,,,"Good morning,

We are requesting a quote for the following:

Part number: PIC-HB-1947
Description: Hitch bracket weldment, 1/2 A36 plate, laser + formed parts, 2x2x3/16 A500 tube, bushings & bolt kit
Quantity: 300
Material: 1/2 A-36 HR
Finish: powder coat red
Weld requirement: visible welds must look clean, no spatter or undercut on the outside face
Required date: 5 weeks ARO

Please include lead time with your quote.

Regards,
Derek Halvorsen
Prairie Implement Co."
D-0124,J-0937,rfq_email,2026-01-17,hitch_bracket,,,,,"Good morning,

We are requesting a quote for the following:

Part number: HLW-HB-7147
Description: Hitch bracket weldment, 1/4 A36 plate, laser + formed parts, 2x2x3/16 A500 tube, bushings & bolt kit
Quantity: 100
Material: 1/4 A36
Finish: powder coat black
Weld requirement: cosmetic welds on the visible side, no spatter
Required date: 5 weeks ARO

Please include lead time with your quote.

Regards,
Travis Lindgren
Hawkeye Loader Works"
D-0125,J-0938,rfq_email,2026-01-18,hitch_bracket,,,,,"RFQ - PIC-HB-5420 Hitch bracket weldment, 1/4 A36 plate, laser + formed parts, 2x2x3/16 A500 tube, bushings & bolt kit
Qty: 250
Matl: 1/4 A36 HR plate
Weld: cosmetic welds on the visible side, no spatter
Finish: none
Ship date: 5 weeks ARO

Dana Kessler / Prairie Implement Co."
D-0126,J-0939,rfq_email,2026-01-23,guard,,,,,"Pls quote 100 ea CVE-GD-5511 Belt guard, 12 ga A36 sheet, laser cut and formed, tack-welded tabs, material 12 ga ASTM A36 plate, finish powder coat red.
Heads up on welds: standard welds, no cosmetic requirement.
Due: 4 weeks ARO

Ryan Pettibone
Cedar Valley Equipment"
D-0127,J-0940,rfq_email,2026-01-24,guard,,,,,"NSA-GD-165 / Belt guard, 12 ga A36 sheet, laser cut and formed, tack-welded tabs / qty 20
12 ga A36, powder coat implement yellow
Delivery: 4 weeks ARO
Quote pls.

Kelsey Amundsen
North Star Ag Systems"
D-0128,J-0941,rfq_email,2026-01-26,frame,,,,,"Need price on attached, 5 pcs CVE-FR-4241 (Main frame weldment, 3x3x1/4 A500 tube with 3/8 A36 plates, pivot pins).
Material: 3/8 HR A36. Finish: powder coat orange.
Due: 6 weeks ARO

Scott Dreyer
Cedar Valley Equipment"
D-0129,J-0942,rfq_email,2026-01-27,frame,,,,,"Hello,

We are sourcing a new part, PIC-FR-1269 (Sub-frame weldment, A500 tube rails, 3/8 A36 gussets and mounts), and would appreciate a quote for 20 pieces.
Material is 3/8 A36 and the finish is none.
Please pay attention to the welding note: cosmetic welds on the visible side, no spatter.
Requested delivery: 6 weeks ARO

Please let me know if you need a model or have questions.

Thank you,
Carla Voss
Prairie Implement Co."
D-0130,J-0933,debrief,2026-01-28,guard,weld,weld.setup,,,"New part, no jig quoted. Burned about 5 hrs on setup figuring out how to hold the ears square to the base plate. Built a quick fixture, tagged it and put it on the rack for next time."
D-0131,J-0943,rfq_email,2026-02-03,mounting_plate,,,,,"Quote needed on CVE-MP-9036 - Mounting plate, 3/8 A36, laser cut, drilled & tapped, qty 40.
Material and finsh per print. Note: welds per print, appearance not critical.
Timing: 2 weeks ARO
Please send price and lead time.

Derek Halvorsen
Cedar Valley Equipment"
D-0132,J-0944,rfq_email,2026-02-06,guard,,,,,"Hi,

New part coming up, please quote 250 pcs of CVE-GD-9924 (Belt guard, 14 ga A36 sheet, laser cut and formed, tack-welded tabs). Drawing attached.
Material is 14 ga ASTM A36 plate, finish is powder coat black. Note on welding: standard welds, no cosmetic requirement.
Delivery: 4 weeks ARO

Thanks much,
Carla Voss
Cedar Valley Equipment"
D-0133,J-0945,rfq_email,2026-02-07,guard,,,,,"Need price on attached, 40 pcs BST-GD-9145 (Shield / guard panel, 12 ga A36 sheet, formed flanges, welded brackets).
Material: 12 ga ASTM A36 plate. Finish: powder coat black.
Due: 5 weeks ARO

Jenna Pruitt
Big Sioux Trailer"
D-0134,J-0936,debrief,2026-02-14,hitch_bracket,weld,weld.setup,,,"First article setup took forever. No fixture, so we clamped to the table and measured every tack. Should quote a simple fixture, it'd pay for itself on repeats."
D-0135,J-0936,debrief,2026-02-14,hitch_bracket,powder_coat,out.powder_coat,,,"Powder coat vendor turnaround was 8 working days, not the 5 we planned. Shipped 3 days late. Pad lead time on anything going out for coat."
D-0136,J-0946,rfq_email,2026-02-16,guard,,,,,"Hello,

Could you please quote 40 pieces of PIC-GD-5479, Shield / guard panel, 12 ga A36 sheet, formed flanges, welded brackets, per the attached drawing?
Material: 12 ga A36 HR plate
Finish: powder coat orange
Welding: welds per print, appearance not critical
Required delivery: 4 weeks ARO

Thanks,
Carla Voss
Prairie Implement Co."
D-0137,J-0947,rfq_email,2026-03-02,guard,,,,,"Pls quote 150 ea RRA-GD-3858 Belt guard, 14 ga A36 sheet, laser cut and formed, tack-welded tabs, material 14 ga A36 HR plate, finish powder coat red.
Heads up on welds: standard structural welds per print.
Due: 5 weeks ARO

Brent Ostrander
Raccoon River Attachments"
D-0138,J-0948,rfq_email,2026-03-05,guard,,,,,"Quote needed on RRA-GD-3858 - Belt guard, 12 ga A36 sheet, laser cut and formed, tack-welded tabs, qty 250.
Material and finish per print. Note: standard structural welds per print.
Timing: 4 weeks ARO
Please send price and lead time.

Greg Stuckey
Raccoon River Attachments"
D-0139,J-0949,rfq_email,2026-03-05,tube_assembly,,,,,"Hello,

We are sourcing a new part, LHM-TA-9027 (Tube assembly, 2x2x3/16 A500 tube with A36 plate end caps, welded), and would appreciate a quote for 100 pieces.
Material is 3/16 HSS A500 and the finish is powder coat black.
Please pay attention to the welding note: standard welds, no cosmetic requirement.
Requested delivery: 4 weeks ARO

Please let me know if you need a model or have questions.

Thank you,
Ryan Pettibone
Loess Hills Machinery"
D-0140,J-0942,debrief,2026-03-07,frame,weld,weld.setup,,,"First production run and the fixture wasn't in the quote, so we built one on the fly out of 2x2 tube and locating pins. Setup went way over. Quote fixture build on any new frame."
D-0141,J-0942,debrief,2026-03-07,frame,weld,weld.run,,,Welder had to slow travel speed and lay a 2nd pass on the visible side to get the bead uniform. Customer is picky about how that side looks. Figure 25-30% over on weld.
D-0142,J-0945,debrief,2026-03-07,guard,weld,weld.setup,,,"Fit-up on this new tube assembly was a pain w/o a fixture, angles kept drifting when we tacked. Ended up building a jig halfway through setup. Setup hrs roughly double what we quoted."
D-0143,J-0950,rfq_email,2026-03-10,guard,,,,,"Good morning,

We are requesting a quote for the following:

Part number: pic-gd-5479
Description: Belt guard, 14 ga A36 sheet, laser cut and formed, tack-welded tabs
Quantity: 100
Material: 14 ga A36 HR plate
Finish: powder coat black
Weld requirement: show-side welds need to be smooth and blended, appearance is inspected
Required date: 4 weeks ARO

Please include lead time with your quote.

Regards,
Mark Holloway
Prairie Implement Co."
D-0144,J-1042,rfq_email,2026-03-10,hitch_bracket,,,,,"Pls qoute 200 ea CVE-HB-4410 Rev B Hitch bracket weldment Rev B, 3/8 A36 plate, laser + formed parts, 2x2x3/16 A500 tube, bushings & bolt kit, material 3/8 A36, finish powder coat black.
Heads up on welds: visible welds must look clean, no spatter or undercut on the outside face.
Due: 5 weeks ARO

Ryan Pettibone
Cedar Valley Equipment"
D-0145,J-0951,rfq_email,2026-03-11,mounting_plate,,,,,"Hi,

New part coming up, please quote 40 pcs of BST-MP-435 (Mounting plate, 5/8 A36, laser cut, drilled & tapped). Drawing attached.
Material is 5/8 A36, finish is powder coat orange. Note on welding: welds per print, appearance not critical.
Delivery: 2 weeks ARO

Thanks much,
Brent Ostrander
Big Sioux Trailer"
D-0146,J-0952,rfq_email,2026-03-11,tube_assembly,,,,,"Pls quote 150 ea NSA-TA-1966 Tube assembly, 2x2x3/16 A500 tube with A36 plate end caps, welded, material 3/16 ASTM A500, finish powder coat gloss black.
Heads up on welds: welds per print, appearance not critical.
Due: 4 weeks ARO

Mark Holloway
North Star Ag Systems"
D-0147,J-0953,rfq_email,2026-03-16,frame,,,,,"Pls quote 60 ea HLW-FR-9320 Main frame weldment, 3x3x1/4 A500 tube with 3/8 A36 plates, pivot pins, material 3/8 A36 HR plate, finish powder coat black.
Heads up on welds: standard welds, no cosmetic requirement.
Due: 6 weeks ARO

Megan Tolliver
Hawkeye Loader Works"
D-0148,J-0954,rfq_email,2026-03-17,hitch_bracket,,,,,"Hi,

Attached is a new drawing for RRA-HB-9814 (Hitch bracket weldment, 1/4 A36 plate, laser + formed parts, 2x2x3/16 A500 tube, bushings & bolt kit). Looking for pricing on a quantity of 50.
Material: 1/4 HR A36
Welds: standard welds, no cosmetic requirement
Finish: powder coat orange

Let me know if you have any questions on the print.

Thanks,
Kelsey Amundsen
Raccoon River Attachments"
D-0149,J-0956,rfq_email,2026-03-17,hitch_bracket,,,,,"HLW-HB-5574 / Hitch bracket weldment, 1/4 A36 plate, laser + formed parts, 2x2x3/16 A500 tube, bushings & bolt kit / qty 25
1/4 A36, none
Delivery: 4 weeks ARO
Quote pls.

Brent Ostrander
Hawkeye Loader Works"
D-0150,J-0951,ncr,2026-03-19,mounting_plate,press_brake,press_brake.run,,,"NCR: 1/2"" plate flange measuring 92-93 deg vs 90 +/-1 on first 10 pcs, springback. Brake program not adjusted for this heat. Disposition: rework, re-hit on brake."
D-0151,J-0949,debrief,2026-03-27,tube_assembly,,,,,"Shipped complete, counts verified at pack."
D-0152,J-0957,rfq_email,2026-04-03,hitch_bracket,,,,,"Quote needed on NSA-HB-7740 - Hitch bracket weldment, 1/4 A36 plate, laser + formed parts, 2x2x3/16 A500 tube, bushings & bolt kit, qty 250.
Material and finish per print. Note: show-side welds need to be smooth and blended, appearance is inspected.
Timing: 5 weeks ARO
Please send price and lead time.

Kelsey Amundsen
North Star Ag Systems"
D-0153,J-0958,rfq_email,2026-04-10,frame,,,,,"Hi,

New part coming up, please quote 20 pcs of PIC-FR-664 (Main frame weldment, 3x3x1/4 A500 tube with 5/8 A36 plates, pivot pins). Drawing attached.
Material is 5/8 A36, finish is powder coat red. Note on welding: standard structural welds per print.
Delivery: 5 weeks ARO

Thanks much,
Laura Kinsella
Prairie Implement Co."
D-0154,J-1042,debrief,2026-04-10,hitch_bracket,weld,weld.run,,,"Rev B ran fine on the Rev A fixture. Weld on the visible side still runs long, cosmetic spec eats time."
D-0155,J-0956,debrief,2026-04-11,hitch_bracket,weld,weld.setup,,,"New part, no jig quoted. Burned about 5 hrs on setup figuring out how to hold the ears square to the base plate. Built a quick fixture, tagged it and put it on the rack for next time."
D-0156,J-0959,rfq_email,2026-04-12,frame,,,,,"CVE-FR-2502 / Sub-frame weldment, A500 tube rails, 3/8 A36 gussets and mounts / qty 10
3/8 HR A36, powder coat black
Delivery: 7 weeks ARO
Quote pls.

Nicole Brandvold
Cedar Valley Equipment"
D-0157,J-0960,rfq_email,2026-04-14,mounting_plate,,,,,"Hello,

Could you please quote 100 pieces of CVE-MP-4040, Adapter / mounting plate, 1/2 A36 plate, machined holes, per the attached drawing?
Material: 1/2 HR A36
Finish: powder coat black
Welding: standard welds, no cosmetic requirement
Required delivery: 2 weeks ARO

Thanks,
Megan Tolliver
Cedar Valley Equipment"
D-0158,J-0961,rfq_email,2026-04-14,mounting_plate,,,,,"Hi,

Attached is a new drawing for PIC-MP-4448 (Adapter / mounting plate, 3/8 A36 plate, machined holes). Looking for pricing on a quantity of 500.
Material: 3/8 A36
Welds: welds per print, appearance not critical
Finish: powder coat gray

Let me know if you have any questions on the print.

Thanks,
Greg Stuckey
Prairie Implement Co."
D-0159,J-0962,rfq_email,2026-04-16,guard,,,,,"Hello,

Could you please quote 40 pieces of PIC-GD-5479, Belt guard, 14 ga A36 sheet, laser cut and formed, tack-welded tabs, per the attached drawing?
Material: 14 ga HR A36
Finish: powder coat gray
Welding: cosmetic welds on the visible side, no spatter
Required delivery: 5 weeks ARO

Thanks,
Derek Halvorsen
Prairie Implement Co."
D-0160,J-0963,rfq_email,2026-04-17,hitch_bracket,,,,,"CVE-HB-8631 / Hitch bracket weldment, 3/8 A36 plate, laser + formed parts, 2x2x3/16 A500 tube, bushings & bolt kit / qty 250
3/8 ASTM A36 plate, powder coat black
Delivery: 4 weeks ARO
Quote pls.

Jenna Pruitt
Cedar Valley Equipment"
D-0161,J-0964,rfq_email,2026-04-20,guard,,,,,"RFQ - CVE-GD-8175 Belt guard, 12 ga A36 sheet, laser cut and formed, tack-welded tabs
Qty: 100
Matl: 12 ga HR A36
Weld: standard structural welds per print
Finish: powder coat gloss black
Ship date: 4 weeks ARO

Mark Holloway / Cedar Valley Equipment"
D-0162,J-0965,rfq_email,2026-04-27,frame,,,,,"Need price on attached, 15 pcs LHM-FR-5204 (Main frame weldment, 3x3x1/4 A500 tube with 1/2 A36 plates, pivot pins).
Material: 1/2 A36. Finish: powder coat gray.
Due: 7 weeks ARO

Megan Tolliver
Loess Hills Machinery"
D-0163,J-0966,rfq_email,2026-05-01,tube_assembly,,,,,"Quote needed on HLW-TA-8213 - Tube assembly, 2x2x3/16 A500 tube with A36 plate end caps, welded, qty 150.
Material and finish per print. Note: standard structural welds per print.
Timing: 4 weeks ARO
Please send price and lead time.

Derek Halvorsen
Hawkeye Loader Works"
D-0164,J-0967,rfq_email,2026-05-01,frame,,,,,"HLW-FR-2329 / Sub-frame weldment, A500 tube rails, 3/8 A36 gussets and mounts / qty 15
3/8 ASTM A36 plate, powder coat black
Delivery: 5 weeks ARO
Quote pls.

Greg Stuckey
Hawkeye Loader Works"
D-0165,J-0961,debrief,2026-05-03,mounting_plate,,,,,"Hrs came in slightly under quote on this one, crew did a good job."
D-0166,J-0968,rfq_email,2026-05-06,guard,,,,,"Good morning,

We are requesting a qoute for the following:

Part number: CVE-GD-9924
Description: Belt guard, 12 ga A36 sheet, laser cut and formed, tack-welded tabs
Quantity: 20
Material: 12 ga A36 HR plate
Finish: powder coat black
Weld requirement: show-side welds need to be smooth and blended, appearance is inspected
Required date: 4 weeks ARO

Please include lead time with your quote.

Regards,
Derek Halvorsen
Cedar Valley Equipment"
D-0167,J-0969,rfq_email,2026-05-13,guard,,,,,"Hi,

New part coming up, please quote 100 pcs of HLW-GD-7027 (Belt guard, 12 ga A36 sheet, laser cut and formed, tack-welded tabs). Drawing attached.
Material is 12 ga A-36 HR, finish is none. Note on welding: welds per print, appearance not critical.
Delivery: 4 weeks ARO

Thanks much,
Travis Lindgren
Hawkeye Loader Works"
D-0168,J-0962,debrief,2026-05-14,guard,weld,weld.run,,,"Show side welds on the guard needed extra passes to fill the corners nice and even. Anti-spatter didn't help much, still a lot of hand cleanup before it could go to coat."
D-0169,J-0970,rfq_email,2026-05-15,mounting_plate,,,,,"Good morning,

We are requesting a quote for the following:

Part number: BST-MP-2847
Description: Mounting plate, 3/4 A36, laser cut, drilled & tapped
Quantity: 200
Material: 3/4 A-36 HR
Finish: powder coat red
Weld requirement: welds per print, appearance not critical
Required date: 3 weeks ARO

Please include lead time with your quote.

Regards,
Jenna Pruitt
Big Sioux Trailer"
D-0170,J-0971,rfq_email,2026-05-15,tube_assembly,,,,,"Need price on attached, 50 pcs CVE-TA-5242 (Tube assembly, 2x2x3/16 A500 tube with A36 plate end caps, welded).
Material: 3/16 ASTM A500. Finish: powder coat red.
Due: 5 weeks ARO

Greg Stuckey
Cedar Valley Equipment"
D-0171,J-0972,rfq_email,2026-05-19,mounting_plate,,,,,"Hello,

Could you please quote 500 pieces of CVE-MP-3794, Mounting plate, 1/2 A36, laser cut, drilled & tapped, per the attached drawing?
Material: 1/2 HR A36
Finish: powder coat black
Welding: standard welds, no cosmetic requirement
Required delivery: 2 weeks ARO

Thanks,
Nicole Brandvold
Cedar Valley Equipment"
D-0172,J-0959,debrief,2026-05-24,frame,weld,weld.setup,,,"Pulled the jig from the last order off the rack, needed one locating pin replaced. Setup took about 45 min vs 4+ hrs first time around."
D-0173,J-0973,rfq_email,2026-05-27,tube_assembly,,,,,"HLW-TA-8213 / Tube assembly, 2x2x3/16 A500 tube with A36 plate end caps, welded / qty 200
3/16 ASTM A500, powder coat black
Delivery: 4 weeks ARO
Quote pls.

Carla Voss
Hawkeye Loader Works"
D-0174,J-0974,rfq_email,2026-05-28,mounting_plate,,,,,"BST-MP-8524 / Adapter / mounting plate, 3/8 A36 plate, machined holes / qty 300
3/8 A36 HR plate, powder coat black
Delivery: 3 weeks ARO
Quote pls.

Derek Halvorsen
Big Sioux Trailer"
D-0175,J-0970,debrief,2026-05-29,mounting_plate,cut,cut.run,,,"Saw cuts on the 2x3 tube were running 1/16 long, stop block had drifted. Caught it on first piece check. Heavy burrs on the ID, added a deburr step."
D-0176,J-0972,ncr,2026-05-31,mounting_plate,cut,cut.run,,,"NCR: heavy dross on bottom edge of 10ga guard blanks, assist gas pressure was low on 2nd shift. Disposition: rework, deburr all pcs."
D-0177,J-0975,rfq_email,2026-06-03,hitch_bracket,,,,,"Need price on attached, 100 pcs PIC-HB-7598 (Hitch bracket weldment, 1/2 A36 plate, laser + formed parts, 2x2x3/16 A500 tube, bushings & bolt kit).
Material: 1/2 ASTM A36 plate. Finish: powder coat gloss black.
Due: 4 weeks ARO

Brent Ostrander
Prairie Implement Co."
D-0178,J-0976,rfq_email,2026-06-03,hitch_bracket,,,,,"Hello,

Could you please quote 500 pieces of LHM-HB-874, Hitch bracket weldment, 1/2 A36 plate, laser + formed parts, 2x2x3/16 A500 tube, bushings & bolt kit, per the attached drawing?
Material: 1/2 A36
Finish: powder coat black
Welding: cosmetic welds on the visible side, no spatter
Required delivery: 4 weeks ARO

Thanks,
Derek Halvorsen
Loess Hills Machinery"
D-0179,J-0977,rfq_email,2026-06-05,tube_assembly,,,,,"Good morning,

We are requesting a qoute for the following:

Part number: NSA-TA-9374
Description: Tube assembly, 2x2x3/16 A500 tube with A36 plate end caps, welded
Quantity: 50
Material: 3/16 ASTM A500
Finish: powder coat implement yellow
Weld requirement: standard structural welds per print
Required date: 3 weeks ARO

Please include lead time with your quote.

Regards,
Dana Kessler
North Star Ag Systems"
D-0180,J-0978,rfq_email,2026-06-06,mounting_plate,,,,,"Pls quote 200 ea HLW-MP-1336-A Adapter / mounting plate, 5/8 A36 plate, machined holes, material 5/8 A36, finish powder coat black.
Heads up on welds: standard welds, no cosmetic requirement.
Due: 3 weeks ARO

Mark Holloway
Hawkeye Loader Works"
D-0181,J-0965,debrief,2026-06-08,frame,inspect_pack,inspect_pack.run,,,"Frames didn't fit a standard pallet, built 4 custom crates. Added a couple hrs at pack. Sprayed rust inhibitor on the bare machined surfaces before crating."
D-0182,J-0979,rfq_email,2026-06-08,mounting_plate,,,,,"Need price on attached, 20 pcs PIC MP 5639 (Mounting plate, 1/2 A36, laser cut, drilled & tapped).
Material: 1/2 HR A36. Finish: powder coat red.
Due: 3 weeks ARO

Scott Dreyer
Prairie Implement Co."
D-0183,J-0974,debrief,2026-06-15,mounting_plate,,,,,"Ran clean, shipped a day early."
D-0184,J-0980,rfq_email,2026-06-15,hitch_bracket,,,,,"LHM-HB-874 / Hitch bracket weldment, 3/8 A36 plate, laser + formed parts, 2x2x3/16 A500 tube, bushings & bolt kit / qty 500
3/8 A-36 HR, powder coat gray
Delivery: 5 weeks ARO
Quote pls.

Carla Voss
Loess Hills Machinery"
D-0185,J-1077,rfq_email,2026-06-18,hitch_bracket,,,,,"Hi,

Attached is a new drawing for PIC-HB-5120 (Hitch bracket weldment, 3/8 A36 plate, laser + formed parts, tube, bushings). Looking for pricing on a quantity of 300.
Material: 3/8 A36
Welds: cosmetic welds on the visible side, no spatter
Finish: powder coat red

Let me know if you have any questions on the print.

Thanks,
Dana Kessler
Prairie Implement Co."
D-0186,J-0976,ncr,2026-06-23,hitch_bracket,press_brake,press_brake.run,,,"NCR: 5/8"" brackets bent parallel to rolling direction, 3 pcs cracked through at the bend. Leg also short from springback. Disposition: scrap 3 pcs, re-cut w/ grain rotated 90."
D-0187,J-0981,rfq_email,2026-06-25,frame,,,,,"Hello,

Could you please quote 5 pieces of HLW-FR-7752, Sub-frame weldment, A500 tube rails, 3/8 A36 gussets and mounts, per the attached drawing?
Material: 3/8 A-36 HR
Finish: powder coat gloss black
Welding: standard structural welds per print
Required delivery: 5 weeks ARO

Thanks,
Kelsey Amundsen
Hawkeye Loader Works"
D-0188,J-0982,rfq_email,2026-06-26,tube_assembly,,,,,"Need price on attached, 75 pcs PIC-TA-5457 (Tube assembly, 2x2x3/16 A500 tube with A36 plate end caps, welded).
Material: 3/16 ASTM A500. Finish: powder coat red.
Due: 5 weeks ARO

Kelsey Amundsen
Prairie Implement Co."
D-0189,J-0976,debrief,2026-06-28,hitch_bracket,weld,weld.setup,,,"First article setup took forever. No fixture, so we clamped to the table and measured every tack. Should quote a simple fixture, it'd pay for itself on repeats."
D-0190,J-0976,debrief,2026-06-28,hitch_bracket,weld,weld.run,,,"2nd shift spent most of the run cleaning spatter and dressing welds on the side that faces out. Should've bumped weld time on the quote, this customer always checks that side."
D-0191,J-1103,rfq_email,2026-07-08,hitch_bracket,,,,,"RFQ - NSA-HB-118 Hitch bracket weldment, 3/8 A36 plate, laser + formed parts, 2x2x3/16 A500 tube, bushings & bolt kit
Qty: 150
Matl: 3/8 A36
Weld: standard welds, no cosmetic requirement
Finish: powder coat black
Ship date: 5 weeks ARO

Derek Halvorsen / North Star Ag Systems"
D-0192,J-0983,rfq_email,2026-07-09,hitch_bracket,,,,,"Quote needed on PIC-HB-6798 - Hitch bracket weldment, 1/4 A36 plate, laser + formed parts, 2x2x3/16 A500 tube, bushings & bolt kit, qty 250.
Material and finsh per print. Note: visible welds must look clean, no spatter or undercut on the outside face.
Timing: 5 weeks ARO
Please send price and lead time.

Travis Lindgren
Prairie Implement Co."
D-0193,J-0984,rfq_email,2026-07-10,guard,,,,,"Pls quote 20 ea RRA-GD-4188 Shield / guard panel, 14 ga A36 sheet, formed flanges, welded brackets, material 14 ga A36 HR plate, finish powder coat gray.
Heads up on welds: show-side welds need to be smooth and blended, appearance is inspected.
Due: 4 weeks ARO

Mark Holloway
Raccoon River Attachments"
D-0194,J-0985,rfq_email,2026-07-18,frame,,,,,"Hi,

New part coming up, please quote 5 pcs of NSA-FR-3958 (Sub-frame weldment, A500 tube rails, 3/8 A36 gussets and mounts). Drawing attached.
Material is 3/8 A-36 HR, finish is powder coat implement yellow. Note on welding: standard welds, no cosmetic requirement.
Delivery: 6 weeks ARO

Thanks much,
Jenna Pruitt
North Star Ag Systems"
D-0195,J-0986,rfq_email,2026-07-19,guard,,,,,"Need price on attahced, 40 pcs LHM-GD-8510 (Belt guard, 10 ga A36 sheet, laser cut and formed, tack-welded tabs).
Material: 10 ga A-36 HR. Finish: powder coat orange.
Due: 4 weeks ARO

Laura Kinsella
Loess Hills Machinery"
D-0196,J-0982,debrief,2026-07-25,tube_assembly,,,,,"No issues, hours came in right about where we quoted."
D-0197,J-0988,rfq_email,2026-07-25,tube_assembly,,,,,"Hi,

New part coming up, please qoute 150 pcs of NSA-TA-7319 (Tube assembly, 2x2x3/16 A500 tube with A36 plate end caps, welded). Drawing attached.
Material is 3/16 A500 tube, finish is none. Note on welding: standard welds, no cosmetic requirement.
Delivery: 4 weeks ARO

Thanks much,
Scott Dreyer
North Star Ag Systems"
D-0198,J-0989,rfq_email,2026-07-27,guard,,,,,"Hello,

Could you please qoute 250 pieces of HLW-GD-7305, Belt guard, 12 ga A36 sheet, laser cut and formed, tack-welded tabs, per the attached drawing?
Material: 12 ga A36
Finish: powder coat implement yellow
Welding: standard structural welds per print
Required delivery: 4 weeks ARO

Thanks,
Ryan Pettibone
Hawkeye Loader Works"
D-0199,J-0981,debrief,2026-07-28,frame,weld,weld.setup,,,"Pulled the jig from the last order off the rack, needed one locating pin replaced. Setup took about 45 min vs 4+ hrs first time around."
D-0200,J-0990,rfq_email,2026-07-31,tube_assembly,,,,,"Hello,

We are sourcing a new part, HLW-TA-5141 (Tube assembly, 2x2x3/16 A500 tube with A36 plate end caps, welded), and would appreciate a quote for 100 pieces.
Material is 3/16 HSS A500 and the finish is powder coat black.
Please pay attention to the welding note: standard structural welds per print.
Requested delivery: 4 weeks ARO

Please let me know if you need a model or have questions.

Thank you,
Scott Dreyer
Hawkeye Loader Works"
D-0201,J-1118,rfq_email,2026-08-05,mounting_plate,,,,,"Hello,

Could you please quote 40 pieces of LHM-MP-0620, Mounting plate, 1/2 A36 plate, laser cut, drilled & tapped 4x 1/2-13, per the attached drawing?
Material: 1/2 A36
Finish: powder coat black
Welding: standard structural welds per print
Required delivery: 3 weeks ARO

Thanks,
Carla Voss
Loess Hills Machinery"
D-0202,J-0991,rfq_email,2026-08-06,hitch_bracket,,,,,"NSA-HB-1782 / Hitch bracket weldment, 3/8 A36 plate, laser + formed parts, 2x2x3/16 A500 tube, bushings & bolt kit / qty 50
3/8 A-36 HR, powder coat gloss black
Delivery: 5 weeks ARO
Quote pls.

Travis Lindgren
North Star Ag Systems"
D-0203,J-0992,rfq_email,2026-08-06,tube_assembly,,,,,"Pls qoute 25 ea NSA-TA-9891 Tube assembly, 2x2x3/16 A500 tube with A36 plate end caps, welded, material 3/16 A500 tube, finish powder coat red.
Heads up on welds: standard welds, no cosmetic requirement.
Due: 3 weeks ARO

Jenna Pruitt
North Star Ag Systems"
D-0204,J-1103,debrief,2026-08-07,hitch_bracket,weld,weld.setup,,,"First run on this bracket and nobody quoted a fixture. Spent most of the morning building one out of drop, fit-up and weld setup ran more than double. Quote a new fixture on first-run weldments."
D-0205,J-0983,debrief,2026-08-10,hitch_bracket,weld,weld.run,,,Visible side welds took a lot longer than quoted. Customer wants that face clean so every piece got a cap pass and a flap disc to knock off spatter. Weld ran about a third over.
D-0206,J-0988,debrief,2026-08-15,tube_assembly,weld,weld.setup,,,"New tube assembly, nothing to locate the cross tubes. Tacked up a jig out of scrap plate and V-blocks. Setup ran about 4 hrs over, needs a fixture line on the quote."
D-0207,J-0993,rfq_email,2026-08-16,tube_assembly,,,,,"Hello,

Could you please quote 75 pieces of PIC-TA-4737, Tube assembly, 2x2x3/16 A500 tube with A36 plate end caps, welded, per the attached drawing?
Material: 3/16 A500 Gr B
Finish: powder coat black
Welding: welds per print, appearance not critical
Required delivery: 4 weeks ARO

Thanks,
Megan Tolliver
Prairie Implement Co."
D-0208,J-0994,rfq_email,2026-08-17,tube_assembly,,,,,"Pls quote 100 ea CVE-TA-5242 Tube assembly, 2x2x3/16 A500 tube with A36 plate end caps, welded, material 3/16 ASTM A500, finish powder coat implement yellow.
Heads up on welds: welds per print, appearance not critical.
Due: 5 weeks ARO

Ryan Pettibone
Cedar Valley Equipment"
D-0209,J-1118,debrief,2026-08-20,mounting_plate,,,,,"Repeat, programs on file. No issues."
D-0210,J-0989,debrief,2026-08-21,guard,weld,weld.setup,,,First run on this frame and no fixture was quoted. Spent half a day building one out of angle and toggle clamps before we could tack a single part. Quote a fixture on new frames.
D-0211,J-0989,debrief,2026-08-21,guard,cut,cut.run,,,"Saw cuts on the 2x3 tube were running 1/16 long, stop block had drifted. Caught it on first piece check. Heavy burrs on the ID, added a deburr step."
D-0212,J-0995,rfq_email,2026-08-25,frame,,,,,"Hi,

Attached is a new drawing for LHM-FR-7950 (Main frame weldment, 3x3x1/4 A500 tube with 5/8 A36 plates, pivot pins). Looking for pricing on a quantity of 40.
Material: 5/8 HR A36
Welds: visible welds must look clean, no spatter or undercut on the outside face
Finish: powder coat red

Let me know if you have any questions on the print.

Thanks,
Laura Kinsella
Loess Hills Machinery"
D-0213,J-0996,rfq_email,2026-08-26,guard,,,,,"Hi,

Attached is a new drawing for LHM-GD-7124 (Shield / guard panel, 14 ga A36 sheet, formed flanges, welded brackets). Looking for pricing on a quantity of 100.
Material: 14 ga ASTM A36 plate
Welds: standard structural welds per print
Finish: powder coat black

Let me know if you have any questions on the print.

Thanks,
Derek Halvorsen
Loess Hills Machinery"
D-0214,J-0997,rfq_email,2026-08-30,hitch_bracket,,,,,"Hi,

Attached is a new drawnig for LHM-HB-3298 (Hitch bracket weldment, 3/8 A36 plate, laser + formed parts, 2x2x3/16 A500 tube, bushings & bolt kit). Looking for pricing on a quantity of 25.
Material: 3/8 A-36 HR
Welds: welds per print, appearance not critical
Finish: none

Let me know if you have any questions on the print.

Thanks,
Derek Halvorsen
Loess Hills Machinery"
D-0215,J-0998,rfq_email,2026-08-30,hitch_bracket,,,,,"Good morning,

We are requesting a qoute for the following:

Part number: RRA-HB-9313
Description: Hitch bracket weldment, 1/2 A36 plate, laser + formed parts, 2x2x3/16 A500 tube, bushings & bolt kit
Quantity: 300
Material: 1/2 HR A36
Finish: powder coat orange
Weld requirement: welds per print, appearance not critical
Required date: 5 weeks ARO

Please include lead time with your quote.

Regards,
Megan Tolliver
Raccoon River Attachments"
D-0216,J-0991,debrief,2026-09-07,hitch_bracket,weld,weld.setup,,,"Pulled the jig from the last order off the rack, needed one locating pin replaced. Setup took about 45 min vs 4+ hrs first time around."
D-0217,J-0999,rfq_email,2026-09-07,hitch_bracket,,,,,"Need price on attached, 50 pcs NSA-HB-1626 (Hitch bracket weldment, 3/8 A36 plate, laser + formed parts, 2x2x3/16 A500 tube, bushings & bolt kit).
Material: 3/8 HR A36. Finish: powder coat implement yellow.
Due: 5 weeks ARO

Carla Voss
North Star Ag Systems"
D-0218,J-1000,rfq_email,2026-09-12,frame,,,,,"Need price on attached, 10 pcs PIC-FR-411 (Sub-frame weldment, A500 tube rails, 1/2 A36 gussets and mounts).
Material: 1/2 A36 HR plate. Finish: powder coat black.
Due: 6 weeks ARO

Scott Dreyer
Prairie Implement Co."
D-0219,J-1001,rfq_email,2026-09-19,frame,,,,,"Hi,

New part coming up, please quote 30 pcs of HLWFR2329 (Sub-frame weldment, A500 tube rails, 5/8 A36 gussets and mounts). Drawing attached.
Material is 5/8 A36, finish is powder coat red. Note on welding: standard welds, no cosmetic requirement.
Delivery: 5 weeks ARO

Thanks much,
Travis Lindgren
Hawkeye Loader Works"
D-0220,J-1002,rfq_email,2026-09-21,frame,,,,,"Pls quote 60 ea NSA-FR-1975 Sub-frame weldment, A500 tube rails, 5/8 A36 gussets and mounts, material 5/8 ASTM A36 plate, finish powder coat gray.
Heads up on welds: standard welds, no cosmetic requirement.
Due: 6 weeks ARO

Kelsey Amundsen
North Star Ag Systems"
