job_id,customer_id,part_family,part_number,description,material,material_raw_name,thickness_in,qty,tolerance_class,cosmetic_weld,finish,first_run,has_fixture_line,quote_date,est_cost,quoted_price,won,lead_time_days
J-0850,C03,mounting_plate,HLW-MP-1336,"Adapter / mounting plate, 1/2 A36 plate, machined holes; no welding; powder coat gloss black; new part, first run",A36,ASTM A36 plate,0.5,25,standard,False,,True,False,2024-10-04,51.74,68.16,False,14
J-0851,C01,tube_assembly,PIC-TA-5457,"Tube assembly, 2x2x3/16 A500 tube with A36 plate end caps, welded; structural welds per print; powder coat black; new part, first run",A500,A500 Gr B,0.1875,50,standard,False,powder coat black,True,False,2024-10-04,116.57,141.16,True,26
J-0852,C02,frame,CVE-FR-4241,"Main frame weldment, 3x3x1/4 A500 tube with 1/2 A36 plates, pivot pins; standard welds; powder coat implement yellow; new part, first run",A36,A-36 HR,0.5,15,standard,False,powder coat implement yellow,True,False,2024-10-04,608.05,695.55,True,38
J-0853,C02,mounting_plate,CVE-MP-9036,"Adapter / mounting plate, 5/8 A36 plate, machined holes; no welding; powder coat black; new part, first run",A36,A36 HR plate,0.625,50,standard,False,powder coat black,True,False,2024-10-09,45.61,54.33,True,14
J-0854,C04,tube_assembly,NSA-TA-9891,"Tube assembly, 2x2x3/16 A500 tube with A36 plate end caps, welded; structural welds per print; powder coat gray; new part, first run",A500,HSS A500,0.1875,75,tight,False,powder coat gray,True,True,2024-10-09,91.58,128.13,False,27
J-0855,C02,frame,CVE-FR-4241,"Main frame weldment, 3x3x1/4 A500 tube with 5/8 A36 plates, pivot pins; standard welds; powder coat orange",A36,ASTM A36 plate,0.625,40,standard,False,powder coat orange,False,False,2024-10-11,634.19,786.11,True,37
J-0856,C04,frame,NSA-FR-9848,"Sub-frame weldment, A500 tube rails, 5/8 A36 gussets and mounts; standard structural welds; powder coat gray; new part, first run",A36,A-36 HR,0.625,20,standard,False,powder coat gray,True,False,2024-10-18,488.46,713.77,True,43
J-0857,C07,tube_assembly,LHM-TA-5598,"Tube assembly, 2x2x3/16 A500 tube with A36 plate end caps, welded; standard structural welds; powder coat red; new part, first run",A500,HSS A500,0.1875,25,standard,False,powder coat red,True,True,2024-10-21,124.1,174.83,True,24
J-0858,C07,guard,LHM-GD-7124,"Shield / guard panel, 12 ga A36 sheet, formed flanges, welded brackets; cosmetic weld, visible side smooth, no spatter; powder coat gray; new part, first run",A36,A36,0.105,40,standard,True,powder coat gray,True,False,2024-10-24,51.64,78.16,False,23
J-0859,C01,hitch_bracket,PIC-HB-5592,"Hitch bracket weldment, 3/8 A36 plate, laser + formed parts, 2x2x3/16 A500 tube, bushings & bolt kit; standard welds; powder coat black; new part, first run",A36,ASTM A36 plate,0.375,500,standard,False,powder coat black,True,True,2024-10-27,130.53,179.76,False,34
J-0860,C07,mounting_plate,LHM-MP-4439,"Adapter / mounting plate, 5/8 A36 plate, machined holes; no welding; powder coat black; new part, first run",A36,A-36 HR,0.625,300,tight,False,powder coat black,True,False,2024-10-29,40.99,46.81,True,17
J-0861,C05,hitch_bracket,RRA-HB-9772,"Hitch bracket weldment, 3/8 A36 plate, laser + formed parts, 2x2x3/16 A500 tube, bushings & bolt kit; structural welds per print; powder coat black; new part, first run",A36,ASTM A36 plate,0.375,150,tight,False,powder coat black,True,True,2024-11-01,106.85,152.37,True,33
J-0862,C07,hitch_bracket,LHM-HB-568,"Hitch bracket weldment, 1/4 A36 plate, laser + formed parts, 2x2x3/16 A500 tube, bushings & bolt kit; cosmetic welds on visible side; powder coat gloss black; new part, first run",A36,A-36 HR,0.25,50,standard,True,powder coat gloss black,True,True,2024-11-01,143.57,210.14,False,27
J-0863,C02,hitch_bracket,CVE-HB-8631,"Hitch bracket weldment, 3/8 A36 plate, laser + formed parts, 2x2x3/16 A500 tube, bushings & bolt kit; cosmetic welds on visible side; powder coat black; new part, first run",A36,A36,0.375,300,tight,True,powder coat black,True,True,2024-11-07,140.4,189.62,False,32
J-0864,C04,guard,NSA-GD-2804,"Belt guard, 10 ga A36 sheet, laser cut and formed, tack-welded tabs; show-side welds cosmetic; powder coat gray; new part, first run",A36,HR A36,0.135,20,tight,True,powder coat gray,True,False,2024-11-11,76.6,112.02,False,22
J-0865,C07,guard,LHM-GD-4138,"Shield / guard panel, 12 ga A36 sheet, formed flanges, welded brackets; cosmetic welds on visible side; powder coat red; new part, first run",A36,HR A36,0.105,250,standard,True,powder coat red,True,False,2024-12-02,60.21,89.84,False,28
J-0866,C05,hitch_bracket,RRA-HB-1088,"Hitch bracket weldment, 3/8 A36 plate, laser + formed parts, 2x2x3/16 A500 tube, bushings & bolt kit; structural welds per print; powder coat orange; new part, first run",A36,A-36 HR,0.375,100,standard,False,powder coat orange,True,False,2024-12-03,123.51,178.35,False,28
J-0867,C01,frame,PIC-FR-664,"Sub-frame weldment, A500 tube rails, 3/8 A36 gussets and mounts; cosmetic welds on visible side; powder coat gloss black; new part, first run",A36,HR A36,0.375,10,standard,True,powder coat gloss black,True,True,2024-12-05,600.86,695.71,True,39
J-0868,C04,mounting_plate,NSA-MP-1686,"Adapter / mounting plate, 3/8 A36 plate, machined holes; no welding; powder coat gray; new part, first run",A36,HR A36,0.375,50,standard,False,powder coat gray,True,False,2024-12-08,50.58,75.67,False,16
J-0869,C02,hitch_bracket,CVE-HB-835,"Hitch bracket weldment, 1/2 A36 plate, laser + formed parts, 2x2x3/16 A500 tube, bushings & bolt kit; structural welds per print; powder coat red; new part, first run",A36,A36 HR plate,0.5,150,standard,False,powder coat red,True,True,2024-12-16,128.15,172.84,True,30
J-0870,C05,frame,RRA-FR-9886,"Sub-frame weldment, A500 tube rails, 3/8 A36 gussets and mounts; standard welds; none; new part, first run",A36,HR A36,0.375,60,standard,False,none,True,True,2024-12-19,582.54,883.36,False,35
J-0871,C04,frame,NSA-FR-7288,"Main frame weldment, 3x3x1/4 A500 tube with 5/8 A36 plates, pivot pins; cosmetic welds on visible side; powder coat red; new part, first run",A36,HR A36,0.625,40,tight,True,powder coat red,True,True,2024-12-21,474.61,601.43,True,36
J-0872,C01,mounting_plate,PIC-MP-1399,"Adapter / mounting plate, 5/8 A36 plate, machined holes; no welding; none; new part, first run",A36,A-36 HR,0.625,200,standard,False,none,True,False,2024-12-24,35.57,50.98,False,17
J-0873,C02,tube_assembly,CVE-TA-5242,"Tube assembly, 2x2x3/16 A500 tube with A36 plate end caps, welded; standard welds; none; new part, first run",A500,HSS A500,0.1875,75,standard,False,none,True,False,2024-12-25,94.36,145.38,False,29
J-0874,C03,guard,HLW-GD-7027,"Belt guard, 14 ga A36 sheet, laser cut and formed, tack-welded tabs; show-side welds cosmetic; powder coat gloss black; new part, first run",A36,ASTM A36 plate,0.075,100,standard,True,powder coat gloss black,True,False,2024-12-26,65.37,77.54,True,24
J-0875,C07,hitch_bracket,LHM-HB-568,"Hitch bracket weldment, 1/2 A36 plate, laser + formed parts, 2x2x3/16 A500 tube, bushings & bolt kit; show-side welds cosmetic; powder coat black",A36,A-36 HR,0.5,250,standard,True,powder coat black,False,False,2024-12-26,115.22,131.6,True,32
J-0876,C04,tube_assembly,NSA-TA-9891,"Tube assembly, 2x2x3/16 A500 tube with A36 plate end caps, welded; structural welds per print; powder coat black",A500,HSS A500,0.1875,150,standard,False,powder coat black,False,False,2024-12-27,113.15,134.9,True,20
J-0877,C04,mounting_plate,NSA-MP-1686,"Mounting plate, 1/2 A36, laser cut, drilled & tapped; no welding; powder coat implement yellow",A36,HR A36,0.5,40,standard,False,powder coat implement yellow,False,False,2024-12-28,53.04,62.53,True,13
J-0878,C07,tube_assembly,LHM-TA-4598,"Tube assembly, 2x2x3/16 A500 tube with A36 plate end caps, welded; standard welds; powder coat black; new part, first run",A500,ASTM A500,0.1875,200,tight,False,powder coat black,True,True,2025-01-01,109.19,137.07,True,22
J-0879,C01,hitch_bracket,PIC-HB-6798,"Hitch bracket weldment, 3/8 A36 plate, laser + formed parts, 2x2x3/16 A500 tube, bushings & bolt kit; cosmetic welds on visible side; powder coat gray; new part, first run",A36,ASTM A36 plate,0.375,150,standard,True,powder coat gray,True,False,2025-01-07,138.34,169.47,True,34
J-0880,C07,tube_assembly,LHM-TA-4598,"Tube assembly, 2x2x3/16 A500 tube with A36 plate end caps, welded; structural welds per print; powder coat black",A500,A500 Gr B,0.1875,75,standard,False,powder coat black,False,False,2025-01-09,92.05,118.83,True,26
J-0881,C01,hitch_bracket,PIC-HB-1367,"Hitch bracket weldment, 3/8 A36 plate, laser + formed parts, 2x2x3/16 A500 tube, bushings & bolt kit; show-side welds cosmetic; powder coat gray; new part, first run",A36,A-36 HR,0.375,250,standard,True,powder coat gray,True,True,2025-01-12,153.26,198.76,False,30
J-0882,C07,frame,LHM-FR-1135,"Sub-frame weldment, A500 tube rails, 3/8 A36 gussets and mounts; standard structural welds; powder coat orange; new part, first run",A36,A-36 HR,0.375,60,standard,False,powder coat orange,True,True,2025-01-15,404.4,539.28,True,38
J-0883,C07,hitch_bracket,LHM-HB-9656,"Hitch bracket weldment, 1/2 A36 plate, laser + formed parts, 2x2x3/16 A500 tube, bushings & bolt kit; cosmetic welds on visible side; powder coat implement yellow; new part, first run",A36,ASTM A36 plate,0.5,150,tight,True,powder coat implement yellow,True,True,2025-01-21,138.07,194.32,True,32
J-0884,C03,frame,HLW-FR-9320,"Sub-frame weldment, A500 tube rails, 3/8 A36 gussets and mounts; show-side welds cosmetic; powder coat black; new part, first run",A36,A36,0.375,20,standard,True,,True,True,2025-01-22,672.44,787.1,True,44
J-0885,C04,tube_assembly,NSA-TA-8362,"Tube assembly, 2x2x3/16 A500 tube with A36 plate end caps, welded; structural welds per print; powder coat red; new part, first run",A500,A500 Gr B,0.1875,25,standard,False,powder coat red,True,True,2025-02-04,150.14,230.9,False,27
J-0886,C03,guard,HLW-GD-7027,"Shield / guard panel, 10 ga 5052 aluminum, formed flanges, welded brackets; structural welds per print; none",5052AL,5052 alum,0.135,20,standard,False,none,False,False,2025-02-20,113.49,130.2,True,21
J-0887,C04,mounting_plate,NSA-MP-1686,"Adapter / mounting plate, 5/8 A36 plate, machined holes; no welding; powder coat orange",A36,A36 HR plate,0.625,300,standard,False,powder coat orange,False,False,2025-02-23,53.86,77.04,True,17
J-0888,C01,frame,PIC-FR-411,"Main frame weldment, 3x3x1/4 A500 tube with 1/2 A36 plates, pivot pins; standard welds; powder coat implement yellow; new part, first run",A36,ASTM A36 plate,0.5,60,standard,False,powder coat implement yellow,True,True,2025-02-28,484.94,647.47,False,36
J-0842,C07,mounting_plate,LHM-MP-0620,"Mounting plate, 1/2 A36 plate, laser cut, drilled & tapped 4x 1/2-13; no welding; powder coat black",A36,A36,0.5,50,standard,False,powder coat black,True,False,2025-03-12,38.19,50.79,True,16
J-0889,C04,frame,NSA-FR-3771,"Sub-frame weldment, A500 tube rails, 1/2 A36 gussets and mounts; cosmetic weld, visible side smooth, no spatter; powder coat gloss black; new part, first run",A36,ASTM A36 plate,0.5,10,tight,True,powder coat gloss black,True,False,2025-03-21,707.48,831.1,True,42
J-0890,C03,mounting_plate,HLW-MP-1179,"Mounting plate, 1/2 A36, laser cut, drilled & tapped; no welding; powder coat gray; new part, first run",A36,A36,0.5,40,standard,False,powder coat gray,True,False,2025-03-23,42.03,56.07,False,13
J-0891,C04,tube_assembly,NSA-TA-8684,"Tube assembly, 2x2x3/16 A500 tube with A36 plate end caps, welded; structural welds per print; powder coat gray; new part, first run",A500,HSS A500,0.1875,25,standard,False,powder coat gray,True,False,2025-03-26,95.64,118.14,True,26
J-0892,C04,guard,NSA-GD-2804,"Shield / guard panel, 10 ga A36 sheet, formed flanges, welded brackets; light tack welds; powder coat black",A36,ASTM A36 plate,0.135,20,standard,False,powder coat black,False,False,2025-03-27,92.63,113.82,True,28
J-0893,C04,hitch_bracket,NSA-HB-7740,"Hitch bracket weldment, 1/4 A36 plate, laser + formed parts, 2x2x3/16 A500 tube, bushings & bolt kit; structural welds per print; none; new part, first run",A36,A36,0.25,50,standard,False,none,True,False,2025-04-14,112.76,145.85,False,27
J-0894,C05,hitch_bracket,RRA-HB-2533,"Hitch bracket weldment, 1/4 A36 plate, laser + formed parts, 2x2x3/16 A500 tube, bushings & bolt kit; cosmetic welds on visible side; powder coat black; new part, first run",A36,A-36 HR,0.25,300,tight,True,powder coat black,True,True,2025-04-14,138.96,206.48,False,25
J-0895,C07,guard,LHM-GD-5422,"Belt guard, 10 ga A36 sheet, laser cut and formed, tack-welded tabs; structural welds per print; powder coat black; new part, first run",A36,HR A36,0.135,150,standard,False,powder coat black,True,False,2025-04-23,86.08,123.67,False,22
J-0896,C04,tube_assembly,NSA-TA-8159,"Tube assembly, 2x2x3/16 A500 tube with A36 plate end caps, welded; standard welds; powder coat red; new part, first run",A500,HSS A500,0.1875,75,standard,False,powder coat red,True,False,2025-04-26,104.06,117.64,True,26
J-0897,C03,hitch_bracket,HLW-HB-7147,"Hitch bracket weldment, 3/8 A36 plate, laser + formed parts, 2x2x3/16 A500 tube, bushings & bolt kit; structural welds per print; powder coat gloss black; new part, first run",A36,ASTM A36 plate,0.375,500,standard,False,powder coat gloss black,True,True,2025-04-27,100.1,132.61,True,25
J-0898,C07,mounting_plate,LHM-MP-4439,"Mounting plate, 1/2 A36, laser cut, drilled & tapped; no welding; powder coat black",A36,HR A36,0.5,500,standard,False,powder coat black,False,False,2025-05-01,55.55,83.29,False,15
J-0899,C03,guard,HLW-GD-775,"Shield / guard panel, 14 ga A36 sheet, formed flanges, welded brackets; show-side welds cosmetic; powder coat gray; new part, first run",A36,ASTM A36 plate,0.075,40,standard,True,powder coat gray,True,False,2025-05-06,58.54,79.51,False,24
J-0900,C01,mounting_plate,PIC-MP-5639,"Mounting plate, 3/8 A36, laser cut, drilled & tapped; no welding; powder coat orange; new part, first run",A36,HR A36,0.375,20,standard,False,powder coat orange,True,False,2025-05-14,36.59,49.69,False,15
J-0918,C02,hitch_bracket,CVE-HB-4410 Rev A,"Hitch bracket weldment Rev A, 3/8 A36 plate, laser + formed parts, 2x2x3/16 A500 tube, bushings & bolt kit; cosmetic welds on visible side, no spatter; powder coat black; new part, first run",A36,A36,0.375,100,standard,True,powder coat black,True,True,2025-05-14,126.33,169.28,True,32
J-0901,C07,frame,LHM-FR-5204,"Main frame weldment, 3x3x1/4 A500 tube with 5/8 A36 plates, pivot pins; standard structural welds; powder coat black; new part, first run",A36,A-36 HR,0.625,5,standard,False,powder coat black,True,True,2025-05-15,679.37,844.7,True,40
J-0902,C07,tube_assembly,LHM-TA-3474,"Tube assembly, 2x2x3/16 A500 tube with A36 plate end caps, welded; standard structural welds; powder coat orange; new part, first run",A500,ASTM A500,0.1875,50,standard,False,powder coat orange,True,False,2025-05-16,111.09,140.36,True,22
J-0903,C07,guard,LHM-GD-7124,"Shield / guard panel, 10 ga A36 sheet, formed flanges, welded brackets; cosmetic weld, visible side smooth, no spatter; powder coat implement yellow",A36,A-36 HR,0.135,20,standard,True,powder coat implement yellow,False,False,2025-05-29,96.78,115.82,True,21
J-0904,C01,mounting_plate,PIC-MP-5539,"Adapter / mounting plate, 1/2 A36 plate, machined holes; no welding; powder coat gray; new part, first run",A36,A36,0.5,50,standard,False,powder coat gray,True,False,2025-06-18,43.6,57.17,False,13
J-0905,C03,guard,HLW-GD-7027,"Shield / guard panel, 10 ga A36 sheet, formed flanges, welded brackets; show-side welds cosmetic; powder coat implement yellow",A36,ASTM A36 plate,0.135,20,tight,True,powder coat implement yellow,False,False,2025-06-20,89.37,122.07,True,26
J-0906,C05,tube_assembly,RRA-TA-5285,"Tube assembly, 2x2x3/16 A500 tube with A36 plate end caps, welded; structural welds per print; powder coat gloss black; new part, first run",A500,A500 Gr B,0.1875,200,standard,False,powder coat gloss black,True,False,2025-06-29,105.15,162.41,True,29
J-0907,C02,hitch_bracket,CVE-HB-975,"Hitch bracket weldment, 1/2 A36 plate, laser + formed parts, 2x2x3/16 A500 tube, bushings & bolt kit; cosmetic weld, visible side smooth, no spatter; powder coat orange; new part, first run",A36,A-36 HR,0.5,200,standard,True,powder coat orange,True,True,2025-07-04,147.5,167.23,True,28
J-0908,C01,hitch_bracket,PIC-HB-6798,"Hitch bracket weldment, 3/8 A36 plate, laser + formed parts, 2x2x3/16 A500 tube, bushings & bolt kit; structural welds per print; powder coat gloss black",A36,A36 HR plate,0.375,300,tight,False,powder coat gloss black,False,False,2025-07-09,126.63,141.17,True,30
J-0909,C02,tube_assembly,CVE-TA-5242,"Tube assembly, 2x2x3/16 A500 tube with A36 plate end caps, welded; standard structural welds; powder coat implement yellow",A500,HSS A500,0.1875,25,standard,False,powder coat implement yellow,False,False,2025-07-29,106.54,132.13,False,28
J-0910,C07,hitch_bracket,LHM-HB-568,"Hitch bracket weldment, 1/4 A36 plate, laser + formed parts, 2x2x3/16 A500 tube, bushings & bolt kit; show-side welds cosmetic; powder coat orange",A36,A36,0.25,250,standard,True,powder coat orange,False,False,2025-08-02,100.36,122.7,True,28
J-0911,C07,frame,LHM-FR-4216,"Main frame weldment, 3x3x1/4 A500 tube with 5/8 A36 plates, pivot pins; cosmetic welds on visible side; powder coat orange; new part, first run",A36,A-36 HR,0.625,40,standard,True,powder coat orange,True,True,2025-08-07,497.07,718.44,False,37
J-0912,C04,guard,NSA-GD-9291,"Belt guard, 10 ga A36 sheet, laser cut and formed, tack-welded tabs; standard welds; powder coat gray; new part, first run",A36,A36 HR plate,0.135,20,tight,False,powder coat gray,True,False,2025-08-12,77.66,90.25,True,27
J-0913,C03,hitch_bracket,HLW-HB-7147,"Hitch bracket weldment, 3/8 A36 plate, laser + formed parts, 2x2x3/16 A500 tube, bushings & bolt kit; standard welds; powder coat gloss black",A36,HR A36,0.375,300,standard,False,powder coat gloss black,False,False,2025-08-15,127.05,150.06,True,33
J-0914,C04,hitch_bracket,NSA-HB-1782,"Hitch bracket weldment, 1/4 A36 plate, laser + formed parts, 2x2x3/16 A500 tube, bushings & bolt kit; structural welds per print; none; new part, first run",A36,A-36 HR,0.25,100,standard,False,none,True,False,2025-08-18,124.68,193.25,False,30
J-0915,C07,hitch_bracket,LHM-HB-9656,"Hitch bracket weldment, 1/2 A36 plate, laser + formed parts, 2x2x3/16 A500 tube, bushings & bolt kit; standard welds; powder coat black",A36,HR A36,0.5,100,standard,False,powder coat black,False,False,2025-08-23,125.73,158.12,True,33
J-0916,C01,guard,PIC-GD-5479,"Belt guard, 14 ga A36 sheet, laser cut and formed, tack-welded tabs; cosmetic weld, visible side smooth, no spatter; powder coat black; new part, first run",A36,A36,0.075,100,standard,True,powder coat black,True,False,2025-08-24,48.95,70.75,False,20
J-0917,C01,mounting_plate,PIC-MP-901,"Adapter / mounting plate, 3/4 A36 plate, machined holes; no welding; powder coat orange; new part, first run",A36,A36,0.75,500,standard,False,powder coat orange,True,False,2025-08-25,55.43,78.21,False,16
J-0919,C07,mounting_plate,LHM-MP-2077,"Mounting plate, 1/2 A36, laser cut, drilled & tapped; no welding; powder coat orange; new part, first run",A36,A-36 HR,0.5,20,standard,False,powder coat orange,True,False,2025-08-27,53.39,68.63,True,18
J-0920,C01,mounting_plate,PIC-MP-6192,"Adapter / mounting plate, 3/8 A36 plate, machined holes; no welding; none; new part, first run",A36,HR A36,0.375,500,tight,False,none,True,False,2025-09-10,30.67,43.05,False,16
J-0921,C01,hitch_bracket,PIC-HB-9487,"Hitch bracket weldment, 3/8 A36 plate, laser + formed parts, 2x2x3/16 A500 tube, bushings & bolt kit; show-side welds cosmetic; powder coat black; new part, first run",A36,A36 HR plate,0.375,25,standard,True,powder coat black,True,False,2025-09-11,115.12,154.24,False,25
J-0922,C03,frame,HLW-FR-9320,"Sub-frame weldment, A500 tube rails, 3/8 A36 gussets and mounts; cosmetic weld, visible side smooth, no spatter; powder coat gloss black",A36,A-36 HR,0.375,5,tight,True,powder coat gloss black,False,False,2025-09-17,810.93,1253.89,False,32
J-0955,C07,mounting_plate,LHM-MP-0620,"Mounting plate, 1/2 A36 plate, laser cut, drilled & tapped 4x 1/2-13; no welding; powder coat black",A36,A36,0.5,40,standard,False,powder coat black,False,False,2025-10-01,39.3,52.67,True,15
J-0923,C04,frame,NSA-FR-1975,"Sub-frame weldment, A500 tube rails, 1/2 A36 gussets and mounts; structural welds per print; powder coat implement yellow; new part, first run",A36,ASTM A36 plate,0.5,20,standard,False,powder coat implement yellow,True,False,2025-10-07,561.35,645.28,True,42
J-0924,C04,mounting_plate,NSA-MP-4736,"Mounting plate, 5/8 A36, laser cut, drilled & tapped; no welding; powder coat black; new part, first run",A36,A36 HR plate,0.625,20,standard,False,powder coat black,True,False,2025-10-19,59.94,87.5,False,16
J-0925,C01,hitch_bracket,PIC-HB-5420,"Hitch bracket weldment, 1/2 A36 plate, laser + formed parts, 2x2x3/16 A500 tube, bushings & bolt kit; standard welds; powder coat black; new part, first run",A36,A36 HR plate,0.5,50,standard,False,powder coat black,True,True,2025-10-28,162.18,184.4,True,25
J-0926,C04,mounting_plate,NSA-MP-4736,"Adapter / mounting plate, 3/4 A36 plate, machined holes; no welding; powder coat implement yellow",A36,ASTM A36 plate,0.75,25,tight,False,powder coat implement yellow,False,False,2025-10-28,75.23,105.03,False,12
J-0927,C01,hitch_bracket,PIC-HB-4255,"Hitch bracket weldment, 1/4 A36 plate, laser + formed parts, 2x2x3/16 A500 tube, bushings & bolt kit; cosmetic weld, visible side smooth, no spatter; powder coat black; new part, first run",A36,HR A36,0.25,50,standard,True,powder coat black,True,False,2025-11-03,125.66,154.81,True,33
J-0928,C03,guard,HLW-GD-7027,"Belt guard, 12 ga A36 sheet, laser cut and formed, tack-welded tabs; structural welds per print; powder coat implement yellow",A36,A36,0.105,40,tight,False,powder coat implement yellow,False,False,2025-11-05,77.43,106.83,True,24
J-0929,C04,tube_assembly,NSA-TA-8684,"Tube assembly, 2x2x3/16 A500 tube with A36 plate end caps, welded; standard welds; powder coat implement yellow",A500,HSS A500,0.1875,75,tight,False,powder coat implement yellow,False,False,2025-11-29,112.01,162.42,False,28
J-0987,C03,hitch_bracket,HLW-HB-2207,"Hitch bracket weldment, 3/8 A36 plate, laser cut + formed ears, 2x2x3/16 A500 tube, bushings; cosmetic weld, visible side smooth, no spatter; powder coat yellow",A36,A36,0.375,150,standard,True,powder coat implement yellow,False,False,2025-12-02,120.33,157.63,True,30
J-0930,C02,tube_assembly,CVE-TA-5242,"Tube assembly, 2x2x3/16 A500 tube with A36 plate end caps, welded; structural welds per print; powder coat orange",A500,A500 Gr B,0.1875,200,standard,False,powder coat orange,False,False,2025-12-11,116.9,155.78,True,29
J-0931,C07,tube_assembly,LHM-TA-8621,"Tube assembly, 2x2x3/16 A500 tube with A36 plate end caps, welded; structural welds per print; powder coat red; new part, first run",A500,A500 Gr B,0.1875,100,standard,False,powder coat red,True,True,2025-12-16,110.22,150.69,False,22
J-0932,C05,mounting_plate,RRA-MP-149,"Adapter / mounting plate, 5/8 A36 plate, machined holes; no welding; powder coat orange; new part, first run",A36,A-36 HR,0.625,25,standard,False,powder coat orange,True,False,2025-12-24,65.89,75.79,True,15
J-0933,C03,guard,HLW-GD-4725,"Belt guard, 14 ga A36 sheet, laser cut and formed, tack-welded tabs; standard welds; powder coat implement yellow; new part, first run",A36,A36 HR plate,0.075,150,tight,False,powder coat implement yellow,True,False,2026-01-01,67.11,100.4,True,27
J-0934,C03,tube_assembly,HLW-TA-8213,"Tube assembly, 2x2x3/16 A500 tube with A36 plate end caps, welded; structural welds per print; powder coat black; new part, first run",A500,A500 Gr B,0.1875,75,standard,False,powder coat black,True,False,2026-01-03,118.51,158.83,False,22
J-0935,C01,mounting_plate,PIC-MP-3147,"Adapter / mounting plate, 1/2 A36 plate, machined holes; no welding; powder coat black; new part, first run",A36,ASTM A36 plate,0.5,500,standard,False,powder coat black,True,False,2026-01-12,36.51,50.16,False,12
J-0936,C01,hitch_bracket,PIC-HB-1947,"Hitch bracket weldment, 1/2 A36 plate, laser + formed parts, 2x2x3/16 A500 tube, bushings & bolt kit; cosmetic weld, visible side smooth, no spatter; powder coat red; new part, first run",A36,A-36 HR,0.5,300,standard,True,powder coat red,True,False,2026-01-14,128.16,143.17,True,31
J-0937,C03,hitch_bracket,HLW-HB-7147,"Hitch bracket weldment, 1/4 A36 plate, laser + formed parts, 2x2x3/16 A500 tube, bushings & bolt kit; cosmetic weld, visible side smooth, no spatter; powder coat black",A36,A36,0.25,100,standard,True,powder coat black,False,False,2026-01-17,109.47,169.59,False,31
J-0938,C01,hitch_bracket,PIC-HB-5420,"Hitch bracket weldment, 1/4 A36 plate, laser + formed parts, 2x2x3/16 A500 tube, bushings & bolt kit; show-side welds cosmetic; none",A36,A36 HR plate,0.25,250,standard,True,none,False,False,2026-01-18,129.32,163.31,True,33
J-0939,C02,guard,CVE-GD-5511,"Belt guard, 12 ga A36 sheet, laser cut and formed, tack-welded tabs; standard welds; powder coat red; new part, first run",A36,ASTM A36 plate,0.105,100,standard,False,powder coat red,True,False,2026-01-23,69.4,102.06,False,25
J-0940,C04,guard,NSA-GD-165,"Belt guard, 12 ga A36 sheet, laser cut and formed, tack-welded tabs; standard structural welds; powder coat implement yellow; new part, first run",A36,A36,0.105,20,standard,False,powder coat implement yellow,True,False,2026-01-24,80.69,90.41,True,21
J-0941,C02,frame,CVE-FR-4241,"Main frame weldment, 3x3x1/4 A500 tube with 3/8 A36 plates, pivot pins; structural welds per print; powder coat orange",A36,HR A36,0.375,5,standard,False,powder coat orange,False,False,2026-01-26,604.89,692.46,True,35
J-0942,C01,frame,PIC-FR-1269,"Sub-frame weldment, A500 tube rails, 3/8 A36 gussets and mounts; cosmetic weld, visible side smooth, no spatter; none; new part, first run",A36,A36,0.375,20,standard,True,none,True,False,2026-01-27,639.73,722.93,True,39
J-0943,C02,mounting_plate,CVE-MP-9036,"Mounting plate, 3/8 A36, laser cut, drilled & tapped; no welding; powder coat black",A36,A-36 HR,0.375,40,standard,False,powder coat black,False,False,2026-02-03,47.6,55.38,True,12
J-0944,C02,guard,CVE-GD-9924,"Belt guard, 14 ga A36 sheet, laser cut and formed, tack-welded tabs; light tack welds; powder coat black; new part, first run",A36,ASTM A36 plate,0.075,250,standard,False,powder coat black,True,False,2026-02-06,55.41,75.13,True,22
J-0945,C06,guard,BST-GD-9145,"Shield / guard panel, 12 ga A36 sheet, formed flanges, welded brackets; light tack welds; powder coat black; new part, first run",A36,ASTM A36 plate,0.105,40,standard,False,powder coat black,True,False,2026-02-07,88.88,126.23,True,28
J-0946,C01,guard,PIC-GD-5479,"Shield / guard panel, 12 ga A36 sheet, formed flanges, welded brackets; standard structural welds; powder coat orange",A36,A36 HR plate,0.105,40,standard,False,powder coat orange,False,False,2026-02-16,51.77,60.29,True,23
J-0947,C05,guard,RRA-GD-3858,"Belt guard, 14 ga A36 sheet, laser cut and formed, tack-welded tabs; standard structural welds; powder coat red; new part, first run",A36,A36 HR plate,0.075,150,standard,False,powder coat red,True,False,2026-03-02,66.85,85.62,True,29
J-0948,C05,guard,RRA-GD-3858,"Belt guard, 12 ga A36 sheet, laser cut and formed, tack-welded tabs; standard structural welds; powder coat black",A36,A36 HR plate,0.105,250,standard,False,powder coat black,False,False,2026-03-05,65.05,88.16,False,23
J-0949,C07,tube_assembly,LHM-TA-9027,"Tube assembly, 2x2x3/16 A500 tube with A36 plate end caps, welded; standard structural welds; powder coat black; new part, first run",A500,HSS A500,0.1875,100,standard,False,powder coat black,True,True,2026-03-05,102.31,121.61,True,22
J-0950,C01,guard,pic-gd-5479,"Belt guard, 14 ga A36 sheet, laser cut and formed, tack-welded tabs; show-side welds cosmetic; powder coat black",A36,A36 HR plate,0.075,100,tight,True,powder coat black,False,False,2026-03-10,47.2,56.93,True,24
J-1042,C02,hitch_bracket,CVE-HB-4410 Rev B,"Hitch bracket weldment Rev B, 3/8 A36 plate, laser + formed parts, 2x2x3/16 A500 tube, bushings & bolt kit; cosmetic welds on visible side, no spatter, smooth; powder coat black",A36,A36,0.375,200,standard,True,powder coat black,False,False,2026-03-10,119.9,158.27,True,31
J-0951,C06,mounting_plate,BST-MP-435,"Mounting plate, 5/8 A36, laser cut, drilled & tapped; no welding; powder coat orange; new part, first run",A36,A36,0.625,40,tight,False,powder coat orange,True,False,2026-03-11,43.3,61.35,True,13
J-0952,C04,tube_assembly,NSA-TA-1966,"Tube assembly, 2x2x3/16 A500 tube with A36 plate end caps, welded; structural welds per print; powder coat gloss black; new part, first run",A500,ASTM A500,0.1875,150,standard,False,powder coat gloss black,True,False,2026-03-11,89.23,100.97,True,24
J-0953,C03,frame,HLW-FR-9320,"Main frame weldment, 3x3x1/4 A500 tube with 3/8 A36 plates, pivot pins; standard structural welds; powder coat black",A36,A36 HR plate,0.375,60,standard,False,powder coat black,False,False,2026-03-16,654.97,826.67,True,38
J-0954,C05,hitch_bracket,RRA-HB-9814,"Hitch bracket weldment, 1/4 A36 plate, laser + formed parts, 2x2x3/16 A500 tube, bushings & bolt kit; standard structural welds; powder coat orange; new part, first run",A36,HR A36,0.25,50,standard,False,powder coat orange,True,True,2026-03-17,130.08,172.12,False,26
J-0956,C03,hitch_bracket,HLW-HB-5574,"Hitch bracket weldment, 1/4 A36 plate, laser + formed parts, 2x2x3/16 A500 tube, bushings & bolt kit; cosmetic weld, visible side smooth, no spatter; none; new part, first run",A36,A36,0.25,25,tight,True,none,True,False,2026-03-17,126.4,167.84,True,25
J-0957,C04,hitch_bracket,NSA-HB-7740,"Hitch bracket weldment, 1/4 A36 plate, laser + formed parts, 2x2x3/16 A500 tube, bushings & bolt kit; cosmetic weld, visible side smooth, no spatter; powder coat black",A36,A36,0.25,250,tight,True,powder coat black,False,False,2026-04-03,115.39,178.82,False,28
J-0958,C01,frame,PIC-FR-664,"Main frame weldment, 3x3x1/4 A500 tube with 5/8 A36 plates, pivot pins; structural welds per print; powder coat red",A36,A36,0.625,20,standard,False,powder coat red,False,False,2026-04-10,486.26,581.69,True,34
J-0959,C02,frame,CVE-FR-2502,"Sub-frame weldment, A500 tube rails, 3/8 A36 gussets and mounts; standard welds; powder coat black; new part, first run",A36,HR A36,0.375,10,standard,False,powder coat black,True,True,2026-04-12,536.48,680.73,True,42
J-0960,C02,mounting_plate,CVE-MP-4040,"Adapter / mounting plate, 1/2 A36 plate, machined holes; no welding; powder coat black; new part, first run",A36,HR A36,0.5,100,standard,False,powder coat black,True,False,2026-04-14,42.83,58.08,False,12
J-0961,C01,mounting_plate,PIC-MP-4448,"Adapter / mounting plate, 3/8 A36 plate, machined holes; no welding; powder coat gray; new part, first run",A36,A36,0.375,500,standard,False,powder coat gray,True,False,2026-04-14,27.52,31.24,True,19
J-0962,C01,guard,PIC-GD-5479,"Belt guard, 14 ga A36 sheet, laser cut and formed, tack-welded tabs; show-side welds cosmetic; powder coat gray",A36,HR A36,0.075,40,standard,True,powder coat gray,False,False,2026-04-16,70.14,85.23,True,28
J-0963,C02,hitch_bracket,CVE-HB-8631,"Hitch bracket weldment, 3/8 A36 plate, laser + formed parts, 2x2x3/16 A500 tube, bushings & bolt kit; structural welds per print; powder coat black",A36,ASTM A36 plate,0.375,250,standard,False,powder coat black,False,False,2026-04-17,136.8,170.17,True,25
J-0964,C02,guard,CVE-GD-8175,"Belt guard, 12 ga A36 sheet, laser cut and formed, tack-welded tabs; light tack welds; powder coat gloss black; new part, first run",A36,HR A36,0.105,100,tight,False,powder coat gloss black,True,False,2026-04-20,62.77,75.94,True,22
J-0965,C07,frame,LHM-FR-5204,"Main frame weldment, 3x3x1/4 A500 tube with 1/2 A36 plates, pivot pins; standard welds; powder coat gray",A36,A36,0.5,15,standard,False,powder coat gray,False,False,2026-04-27,573.98,793.27,True,42
J-0966,C03,tube_assembly,HLW-TA-8213,"Tube assembly, 2x2x3/16 A500 tube with A36 plate end caps, welded; structural welds per print; powder coat implement yellow",A500,A500 Gr B,0.1875,150,standard,False,powder coat implement yellow,False,False,2026-05-01,94.13,127.45,False,25
J-0967,C03,frame,HLW-FR-2329,"Sub-frame weldment, A500 tube rails, 3/8 A36 gussets and mounts; standard structural welds; powder coat black; new part, first run",A36,ASTM A36 plate,0.375,15,tight,False,powder coat black,True,False,2026-05-01,569.39,842.69,False,32
J-0968,C02,guard,CVE-GD-9924,"Belt guard, 12 ga A36 sheet, laser cut and formed, tack-welded tabs; cosmetic weld, visible side smooth, no spatter; powder coat black",A36,A36 HR plate,0.105,20,standard,True,powder coat black,False,False,2026-05-06,101.81,157.7,False,27
J-0969,C03,guard,HLW-GD-7027,"Belt guard, 12 ga A36 sheet, laser cut and formed, tack-welded tabs; standard welds; none",A36,A-36 HR,0.105,100,standard,False,none,False,False,2026-05-13,44.55,68.37,False,21
J-0970,C06,mounting_plate,BST-MP-2847,"Mounting plate, 3/4 A36, laser cut, drilled & tapped; no welding; powder coat red; new part, first run",A36,A-36 HR,0.75,200,standard,False,powder coat red,True,False,2026-05-15,40.77,46.57,True,14
J-0971,C02,tube_assembly,CVE-TA-5242,"Tube assembly, 2x2x3/16 A500 tube with A36 plate end caps, welded; structural welds per print; powder coat red",A500,ASTM A500,0.1875,50,standard,False,powder coat red,False,False,2026-05-15,93.72,128.17,True,28
J-0972,C02,mounting_plate,CVE-MP-3794,"Mounting plate, 1/2 A36, laser cut, drilled & tapped; no welding; powder coat black; new part, first run",A36,HR A36,0.5,500,tight,False,powder coat black,True,False,2026-05-19,44.92,58.49,True,12
J-0973,C03,tube_assembly,HLW-TA-8213,"Tube assembly, 2x2x3/16 A500 tube with A36 plate end caps, welded; standard structural welds; powder coat black",A500,ASTM A500,0.1875,200,standard,False,powder coat black,False,False,2026-05-27,83.02,115.77,False,26
J-0974,C06,mounting_plate,BST-MP-8524,"Adapter / mounting plate, 3/8 A36 plate, machined holes; no welding; powder coat black; new part, first run",A36,A36 HR plate,0.375,300,standard,False,powder coat black,True,False,2026-05-28,54.24,77.47,True,18
J-0975,C01,hitch_bracket,PIC-HB-7598,"Hitch bracket weldment, 1/2 A36 plate, laser + formed parts, 2x2x3/16 A500 tube, bushings & bolt kit; standard welds; powder coat gloss black; new part, first run",A36,ASTM A36 plate,0.5,100,standard,False,powder coat gloss black,True,True,2026-06-03,156.33,198.85,False,27
J-0976,C07,hitch_bracket,LHM-HB-874,"Hitch bracket weldment, 1/2 A36 plate, laser + formed parts, 2x2x3/16 A500 tube, bushings & bolt kit; cosmetic welds on visible side; powder coat black; new part, first run",A36,A36,0.5,500,standard,True,powder coat black,True,False,2026-06-03,110.81,132.59,True,25
J-0977,C04,tube_assembly,NSA-TA-9374,"Tube assembly, 2x2x3/16 A500 tube with A36 plate end caps, welded; standard structural welds; powder coat implement yellow; new part, first run",A500,ASTM A500,0.1875,50,standard,False,powder coat implement yellow,True,True,2026-06-05,111.67,154.89,True,20
J-0978,C03,mounting_plate,HLW-MP-1336-A,"Adapter / mounting plate, 5/8 A36 plate, machined holes; no welding; powder coat black",A36,A36,0.625,200,standard,False,powder coat black,False,False,2026-06-06,54.32,71.06,False,15
J-0979,C01,mounting_plate,PIC MP 5639,"Mounting plate, 1/2 A36, laser cut, drilled & tapped; no welding; powder coat red",A36,HR A36,0.5,20,standard,False,powder coat red,False,False,2026-06-08,60.1,86.61,False,14
J-0980,C07,hitch_bracket,LHM-HB-874,"Hitch bracket weldment, 3/8 A36 plate, laser + formed parts, 2x2x3/16 A500 tube, bushings & bolt kit; standard structural welds; powder coat gray",A36,A-36 HR,0.375,500,standard,False,powder coat gray,False,False,2026-06-15,129.88,193.8,False,30
J-1077,C01,hitch_bracket,PIC-HB-5120,"Hitch bracket weldment, 3/8 A36 plate, laser + formed parts, tube, bushings; cosmetic welds visible side; powder coat red",A36,A36,0.375,300,standard,True,powder coat red,True,False,2026-06-18,122.76,169.4,False,33
J-0981,C03,frame,HLW-FR-7752,"Sub-frame weldment, A500 tube rails, 3/8 A36 gussets and mounts; standard structural welds; powder coat gloss black; new part, first run",A36,A-36 HR,0.375,5,standard,False,powder coat gloss black,True,True,2026-06-25,751.07,1037.66,True,33
J-0982,C01,tube_assembly,PIC-TA-5457,"Tube assembly, 2x2x3/16 A500 tube with A36 plate end caps, welded; standard structural welds; powder coat red",A500,ASTM A500,0.1875,75,standard,False,powder coat red,False,False,2026-06-26,124.53,143.23,True,29
J-1103,C04,hitch_bracket,NSA-HB-118,"Hitch bracket weldment, 3/8 A36 plate, laser + formed parts, 2x2x3/16 A500 tube, bushings & bolt kit; standard structural welds; powder coat black; new part, first run",A36,A36,0.375,150,standard,False,powder coat black,True,False,2026-07-08,119.42,154.05,True,30
J-0983,C01,hitch_bracket,PIC-HB-6798,"Hitch bracket weldment, 1/4 A36 plate, laser + formed parts, 2x2x3/16 A500 tube, bushings & bolt kit; cosmetic welds on visible side; powder coat red",A36,A-36 HR,0.25,250,standard,True,,False,False,2026-07-09,103.73,117.56,True,32
J-0984,C05,guard,RRA-GD-4188,"Shield / guard panel, 14 ga A36 sheet, formed flanges, welded brackets; cosmetic weld, visible side smooth, no spatter; powder coat gray; new part, first run",A36,A36 HR plate,0.075,20,standard,True,powder coat gray,True,False,2026-07-10,74.37,112.15,False,22
J-0985,C04,frame,NSA-FR-3958,"Sub-frame weldment, A500 tube rails, 3/8 A36 gussets and mounts; standard structural welds; powder coat implement yellow; new part, first run",A36,A-36 HR,0.375,5,standard,False,powder coat implement yellow,True,False,2026-07-18,674.07,884.99,False,35
J-0986,C07,guard,LHM-GD-8510,"Belt guard, 10 ga A36 sheet, laser cut and formed, tack-welded tabs; show-side welds cosmetic; powder coat orange; new part, first run",A36,A-36 HR,0.135,40,standard,True,powder coat orange,True,False,2026-07-19,99.23,126.9,True,21
J-0988,C04,tube_assembly,NSA-TA-7319,"Tube assembly, 2x2x3/16 A500 tube with A36 plate end caps, welded; standard welds; none; new part, first run",A500,A500 tube,0.1875,150,standard,False,none,True,False,2026-07-25,86.11,99.98,True,21
J-0989,C03,guard,HLW-GD-7305,"Belt guard, 12 ga A36 sheet, laser cut and formed, tack-welded tabs; standard welds; powder coat implement yellow; new part, first run",A36,A36,0.105,250,tight,False,powder coat implement yellow,True,False,2026-07-27,86.18,112.36,True,25
J-0990,C03,tube_assembly,HLW-TA-5141,"Tube assembly, 2x2x3/16 A500 tube with A36 plate end caps, welded; standard structural welds; powder coat black; new part, first run",A500,HSS A500,0.1875,100,standard,False,powder coat black,True,False,2026-07-31,85.94,115.61,True,25
J-1118,C07,mounting_plate,LHM-MP-0620,"Mounting plate, 1/2 A36 plate, laser cut, drilled & tapped 4x 1/2-13; no welding; powder coat black",A36,A36,0.5,40,standard,False,powder coat black,False,False,2026-08-05,40.62,54.83,True,15
J-0991,C04,hitch_bracket,NSA-HB-1782,"Hitch bracket weldment, 3/8 A36 plate, laser + formed parts, 2x2x3/16 A500 tube, bushings & bolt kit; standard structural welds; powder coat gloss black",A36,A-36 HR,0.375,50,standard,False,powder coat gloss black,False,False,2026-08-06,152.57,175.44,True,32
J-0992,C04,tube_assembly,NSA-TA-9891,"Tube assembly, 2x2x3/16 A500 tube with A36 plate end caps, welded; standard structural welds; powder coat red",A500,A500 tube,0.1875,25,standard,False,powder coat red,False,False,2026-08-06,126.27,147.58,True,20
J-0993,C01,tube_assembly,PIC-TA-4737,"Tube assembly, 2x2x3/16 A500 tube with A36 plate end caps, welded; standard structural welds; powder coat black; new part, first run",A500,A500 Gr B,0.1875,75,standard,False,powder coat black,True,True,2026-08-16,107.62,149.57,False,21
J-0994,C02,tube_assembly,CVE-TA-5242,"Tube assembly, 2x2x3/16 A500 tube with A36 plate end caps, welded; structural welds per print; powder coat implement yellow",A500,ASTM A500,0.1875,100,standard,False,powder coat implement yellow,False,False,2026-08-17,94.4,122.89,False,28
J-0995,C07,frame,LHM-FR-7950,"Main frame weldment, 3x3x1/4 A500 tube with 5/8 A36 plates, pivot pins; cosmetic weld, visible side smooth, no spatter; powder coat red; new part, first run",A36,HR A36,0.625,40,standard,True,powder coat red,True,True,2026-08-25,601.72,811.84,True,42
J-0996,C07,guard,LHM-GD-7124,"Shield / guard panel, 14 ga A36 sheet, formed flanges, welded brackets; light tack welds; powder coat black",A36,ASTM A36 plate,0.075,100,standard,False,powder coat black,False,False,2026-08-26,78.04,105.89,True,20
J-0997,C07,hitch_bracket,LHM-HB-3298,"Hitch bracket weldment, 3/8 A36 plate, laser + formed parts, 2x2x3/16 A500 tube, bushings & bolt kit; structural welds per print; none; new part, first run",A36,A-36 HR,0.375,25,standard,False,none,True,True,2026-08-30,130.28,184.66,False,30
J-0998,C05,hitch_bracket,RRA-HB-9313,"Hitch bracket weldment, 1/2 A36 plate, laser + formed parts, 2x2x3/16 A500 tube, bushings & bolt kit; structural welds per print; powder coat orange; new part, first run",A36,HR A36,0.5,300,standard,False,powder coat orange,True,True,2026-08-30,114.72,173.63,False,30
J-0999,C04,hitch_bracket,NSA-HB-1626,"Hitch bracket weldment, 3/8 A36 plate, laser + formed parts, 2x2x3/16 A500 tube, bushings & bolt kit; structural welds per print; powder coat implement yellow; new part, first run",A36,HR A36,0.375,50,tight,False,powder coat implement yellow,True,True,2026-09-07,152.0,187.03,True,34
J-1000,C01,frame,PIC-FR-411,"Sub-frame weldment, A500 tube rails, 1/2 A36 gussets and mounts; cosmetic welds on visible side; powder coat black",A36,A36 HR plate,0.5,10,standard,True,powder coat black,False,False,2026-09-12,515.03,730.93,False,35
J-1001,C03,frame,HLWFR2329,"Sub-frame weldment, A500 tube rails, 5/8 A36 gussets and mounts; standard welds; powder coat red",A36,A36,0.625,30,standard,False,powder coat red,False,False,2026-09-19,565.22,700.76,True,31
J-1002,C04,frame,NSA-FR-1975,"Sub-frame weldment, A500 tube rails, 5/8 A36 gussets and mounts; standard structural welds; powder coat gray",A36,ASTM A36 plate,0.625,60,standard,False,powder coat gray,False,False,2026-09-21,570.26,643.31,True,41
