material,price_per_lb,quote_date,supplier
5052AL,3.499,2024-10-01,Prairie Specialty Metals
5052AL,3.646,2024-10-31,Heartland Plate & Tube
5052AL,3.501,2024-11-30,Prairie Specialty Metals
5052AL,3.589,2024-12-29,Heartland Plate & Tube
5052AL,3.511,2025-01-29,Prairie Specialty Metals
5052AL,3.664,2025-02-27,Heartland Plate & Tube
5052AL,3.469,2025-03-28,Prairie Specialty Metals
5052AL,3.615,2025-04-27,Heartland Plate & Tube
5052AL,3.562,2025-05-28,Prairie Specialty Metals
5052AL,3.688,2025-06-27,Heartland Plate & Tube
5052AL,3.523,2025-07-26,Prairie Specialty Metals
5052AL,3.579,2025-08-25,Heartland Plate & Tube
5052AL,3.412,2025-09-25,Prairie Specialty Metals
5052AL,3.611,2025-10-24,Heartland Plate & Tube
5052AL,3.453,2025-11-24,Prairie Specialty Metals
5052AL,3.47,2025-12-25,Heartland Plate & Tube
5052AL,3.399,2026-01-25,Prairie Specialty Metals
5052AL,3.461,2026-02-25,Heartland Plate & Tube
5052AL,3.395,2026-03-27,Prairie Specialty Metals
5052AL,3.508,2026-04-25,Heartland Plate & Tube
5052AL,3.291,2026-05-25,Prairie Specialty Metals
5052AL,3.496,2026-06-25,Heartland Plate & Tube
5052AL,3.419,2026-07-25,Prairie Specialty Metals
5052AL,3.431,2026-08-24,Heartland Plate & Tube
5052AL,3.407,2026-09-23,Prairie Specialty Metals
A36,0.728,2024-10-01,Skunk River Steel Supply
A36,0.747,2024-10-08,Central Iowa Metals
A36,0.772,2024-10-15,Heartland Plate & Tube
A36,0.715,2024-10-21,Skunk River Steel Supply
A36,0.743,2024-10-27,Central Iowa Metals
A36,0.764,2024-11-04,Heartland Plate & Tube
A36,0.721,2024-11-12,Skunk River Steel Supply
A36,0.75,2024-11-19,Central Iowa Metals
A36,0.767,2024-11-26,Heartland Plate & Tube
A36,0.733,2024-12-03,Skunk River Steel Supply
A36,0.737,2024-12-11,Central Iowa Metals
A36,0.759,2024-12-17,Heartland Plate & Tube
A36,0.738,2024-12-24,Skunk River Steel Supply
A36,0.744,2024-12-30,Central Iowa Metals
A36,0.763,2025-01-06,Heartland Plate & Tube
A36,0.731,2025-01-12,Skunk River Steel Supply
A36,0.744,2025-01-20,Central Iowa Metals
A36,0.775,2025-01-28,Heartland Plate & Tube
A36,0.737,2025-02-03,Skunk River Steel Supply
A36,0.753,2025-02-10,Central Iowa Metals
A36,0.792,2025-02-16,Heartland Plate & Tube
A36,0.73,2025-02-23,Skunk River Steel Supply
A36,0.743,2025-03-03,Central Iowa Metals
A36,0.784,2025-03-09,Heartland Plate & Tube
A36,0.735,2025-03-16,Skunk River Steel Supply
A36,0.744,2025-03-24,Central Iowa Metals
A36,0.781,2025-03-31,Heartland Plate & Tube
A36,0.743,2025-04-08,Skunk River Steel Supply
A36,0.747,2025-04-15,Central Iowa Metals
A36,0.777,2025-04-22,Heartland Plate & Tube
A36,0.741,2025-04-30,Skunk River Steel Supply
A36,0.757,2025-05-06,Central Iowa Metals
A36,0.784,2025-05-14,Heartland Plate & Tube
A36,0.743,2025-05-22,Skunk River Steel Supply
A36,0.762,2025-05-28,Central Iowa Metals
A36,0.776,2025-06-04,Heartland Plate & Tube
A36,0.738,2025-06-12,Skunk River Steel Supply
A36,0.755,2025-06-19,Central Iowa Metals
A36,0.795,2025-06-26,Heartland Plate & Tube
A36,0.752,2025-07-03,Skunk River Steel Supply
A36,0.744,2025-07-11,Central Iowa Metals
A36,0.784,2025-07-17,Heartland Plate & Tube
A36,0.75,2025-07-25,Skunk River Steel Supply
A36,0.768,2025-07-31,Central Iowa Metals
A36,0.78,2025-08-07,Heartland Plate & Tube
A36,0.754,2025-08-14,Skunk River Steel Supply
A36,0.76,2025-08-21,Central Iowa Metals
A36,0.775,2025-08-29,Heartland Plate & Tube
A36,0.739,2025-09-06,Skunk River Steel Supply
A36,0.765,2025-09-14,Central Iowa Metals
A36,0.793,2025-09-20,Heartland Plate & Tube
A36,0.75,2025-09-26,Skunk River Steel Supply
A36,0.771,2025-10-03,Central Iowa Metals
A36,0.793,2025-10-10,Heartland Plate & Tube
A36,0.744,2025-10-17,Skunk River Steel Supply
A36,0.763,2025-10-24,Central Iowa Metals
A36,0.778,2025-10-30,Heartland Plate & Tube
A36,0.748,2025-11-07,Skunk River Steel Supply
A36,0.768,2025-11-14,Central Iowa Metals
A36,0.795,2025-11-22,Heartland Plate & Tube
A36,0.759,2025-11-28,Skunk River Steel Supply
A36,0.765,2025-12-04,Central Iowa Metals
A36,0.792,2025-12-11,Heartland Plate & Tube
A36,0.741,2025-12-18,Skunk River Steel Supply
A36,0.758,2025-12-25,Central Iowa Metals
A36,0.798,2026-01-01,Heartland Plate & Tube
A36,0.748,2026-01-09,Skunk River Steel Supply
A36,0.784,2026-01-16,Central Iowa Metals
A36,0.792,2026-01-22,Heartland Plate & Tube
A36,0.749,2026-01-28,Skunk River Steel Supply
A36,0.771,2026-02-05,Central Iowa Metals
A36,0.794,2026-02-11,Heartland Plate & Tube
A36,0.766,2026-02-17,Skunk River Steel Supply
A36,0.779,2026-02-25,Central Iowa Metals
A36,0.801,2026-03-03,Heartland Plate & Tube
A36,0.747,2026-03-10,Skunk River Steel Supply
A36,0.777,2026-03-16,Central Iowa Metals
A36,0.802,2026-03-23,Heartland Plate & Tube
A36,0.762,2026-03-31,Skunk River Steel Supply
A36,0.828,2026-04-06,Central Iowa Metals
A36,0.846,2026-04-13,Heartland Plate & Tube
A36,0.82,2026-04-21,Skunk River Steel Supply
A36,0.85,2026-04-28,Central Iowa Metals
A36,0.867,2026-05-04,Heartland Plate & Tube
A36,0.837,2026-05-10,Skunk River Steel Supply
A36,0.835,2026-05-16,Central Iowa Metals
A36,0.859,2026-05-23,Heartland Plate & Tube
A36,0.815,2026-05-31,Skunk River Steel Supply
A36,0.854,2026-06-07,Central Iowa Metals
A36,0.859,2026-06-13,Heartland Plate & Tube
A36,0.824,2026-06-19,Skunk River Steel Supply
A36,0.862,2026-06-26,Central Iowa Metals
A36,0.902,2026-07-04,Heartland Plate & Tube
A36,0.844,2026-07-12,Skunk River Steel Supply
A36,0.849,2026-07-19,Central Iowa Metals
A36,0.89,2026-07-26,Heartland Plate & Tube
A36,0.838,2026-08-02,Skunk River Steel Supply
A36,0.859,2026-08-09,Central Iowa Metals
A36,0.892,2026-08-16,Heartland Plate & Tube
A36,0.854,2026-08-23,Skunk River Steel Supply
A36,0.87,2026-08-31,Central Iowa Metals
A36,0.881,2026-09-06,Heartland Plate & Tube
A36,0.853,2026-09-13,Skunk River Steel Supply
A36,0.88,2026-09-19,Central Iowa Metals
A36,0.924,2026-09-25,Heartland Plate & Tube
A500,0.972,2024-10-01,Skunk River Steel Supply
A500,0.975,2024-10-09,Central Iowa Metals
A500,0.999,2024-10-17,Heartland Plate & Tube
A500,0.954,2024-10-23,Skunk River Steel Supply
A500,0.973,2024-10-30,Central Iowa Metals
A500,1.023,2024-11-06,Heartland Plate & Tube
A500,0.975,2024-11-14,Skunk River Steel Supply
A500,0.989,2024-11-20,Central Iowa Metals
A500,1.014,2024-11-27,Heartland Plate & Tube
A500,0.958,2024-12-04,Skunk River Steel Supply
A500,0.981,2024-12-10,Central Iowa Metals
A500,1.001,2024-12-16,Heartland Plate & Tube
A500,0.97,2024-12-24,Skunk River Steel Supply
A500,1.007,2025-01-01,Central Iowa Metals
A500,1.017,2025-01-09,Heartland Plate & Tube
A500,0.973,2025-01-17,Skunk River Steel Supply
A500,0.993,2025-01-24,Central Iowa Metals
A500,1.016,2025-01-30,Heartland Plate & Tube
A500,0.977,2025-02-06,Skunk River Steel Supply
A500,1.01,2025-02-13,Central Iowa Metals
A500,1.007,2025-02-20,Heartland Plate & Tube
A500,0.957,2025-02-26,Skunk River Steel Supply
A500,1.014,2025-03-04,Central Iowa Metals
A500,1.022,2025-03-10,Heartland Plate & Tube
A500,0.992,2025-03-18,Skunk River Steel Supply
A500,0.982,2025-03-24,Central Iowa Metals
A500,1.034,2025-03-30,Heartland Plate & Tube
A500,0.972,2025-04-05,Skunk River Steel Supply
A500,0.995,2025-04-12,Central Iowa Metals
A500,1.032,2025-04-19,Heartland Plate & Tube
A500,0.98,2025-04-25,Skunk River Steel Supply
A500,1.007,2025-05-01,Central Iowa Metals
A500,1.029,2025-05-09,Heartland Plate & Tube
A500,0.97,2025-05-15,Skunk River Steel Supply
A500,0.99,2025-05-23,Central Iowa Metals
A500,1.027,2025-05-30,Heartland Plate & Tube
A500,0.966,2025-06-05,Skunk River Steel Supply
A500,1.003,2025-06-13,Central Iowa Metals
A500,1.04,2025-06-20,Heartland Plate & Tube
A500,0.978,2025-06-26,Skunk River Steel Supply
A500,1.017,2025-07-04,Central Iowa Metals
A500,1.042,2025-07-10,Heartland Plate & Tube
A500,0.984,2025-07-16,Skunk River Steel Supply
A500,0.998,2025-07-24,Central Iowa Metals
A500,1.04,2025-07-31,Heartland Plate & Tube
A500,0.99,2025-08-06,Skunk River Steel Supply
A500,1.009,2025-08-14,Central Iowa Metals
A500,1.042,2025-08-20,Heartland Plate & Tube
A500,1.012,2025-08-26,Skunk River Steel Supply
A500,1.0,2025-09-03,Central Iowa Metals
A500,1.023,2025-09-11,Heartland Plate & Tube
A500,0.984,2025-09-19,Skunk River Steel Supply
A500,1.027,2025-09-27,Central Iowa Metals
A500,1.034,2025-10-03,Heartland Plate & Tube
A500,0.968,2025-10-09,Skunk River Steel Supply
A500,1.012,2025-10-17,Central Iowa Metals
A500,1.039,2025-10-25,Heartland Plate & Tube
A500,0.985,2025-11-01,Skunk River Steel Supply
A500,0.995,2025-11-07,Central Iowa Metals
A500,1.029,2025-11-14,Heartland Plate & Tube
A500,0.981,2025-11-21,Skunk River Steel Supply
A500,1.004,2025-11-27,Central Iowa Metals
A500,1.086,2025-12-05,Heartland Plate & Tube
A500,0.985,2025-12-13,Skunk River Steel Supply
A500,1.024,2025-12-20,Central Iowa Metals
A500,1.073,2025-12-27,Heartland Plate & Tube
A500,0.998,2026-01-02,Skunk River Steel Supply
A500,1.031,2026-01-08,Central Iowa Metals
A500,1.048,2026-01-15,Heartland Plate & Tube
A500,1.001,2026-01-21,Skunk River Steel Supply
A500,1.02,2026-01-28,Central Iowa Metals
A500,1.051,2026-02-03,Heartland Plate & Tube
A500,0.997,2026-02-09,Skunk River Steel Supply
A500,1.031,2026-02-15,Central Iowa Metals
A500,1.058,2026-02-22,Heartland Plate & Tube
A500,1.01,2026-03-02,Skunk River Steel Supply
A500,1.027,2026-03-10,Central Iowa Metals
A500,1.049,2026-03-17,Heartland Plate & Tube
A500,1.006,2026-03-24,Skunk River Steel Supply
A500,1.055,2026-03-30,Central Iowa Metals
A500,1.137,2026-04-06,Heartland Plate & Tube
A500,1.07,2026-04-13,Skunk River Steel Supply
A500,1.107,2026-04-19,Central Iowa Metals
A500,1.125,2026-04-26,Heartland Plate & Tube
A500,1.09,2026-05-02,Skunk River Steel Supply
A500,1.118,2026-05-10,Central Iowa Metals
A500,1.161,2026-05-18,Heartland Plate & Tube
A500,1.101,2026-05-24,Skunk River Steel Supply
A500,1.113,2026-05-30,Central Iowa Metals
A500,1.16,2026-06-07,Heartland Plate & Tube
A500,1.099,2026-06-14,Skunk River Steel Supply
A500,1.126,2026-06-21,Central Iowa Metals
A500,1.167,2026-06-29,Heartland Plate & Tube
A500,1.13,2026-07-06,Skunk River Steel Supply
A500,1.133,2026-07-14,Central Iowa Metals
A500,1.176,2026-07-21,Heartland Plate & Tube
A500,1.113,2026-07-27,Skunk River Steel Supply
A500,1.119,2026-08-02,Central Iowa Metals
A500,1.205,2026-08-08,Heartland Plate & Tube
A500,1.105,2026-08-15,Skunk River Steel Supply
A500,1.146,2026-08-22,Central Iowa Metals
A500,1.187,2026-08-29,Heartland Plate & Tube
A500,1.128,2026-09-04,Skunk River Steel Supply
A500,1.177,2026-09-12,Central Iowa Metals
A500,1.222,2026-09-20,Heartland Plate & Tube
