job_id,seq,work_center,setup_hr_est,run_hr_est,setup_hr_act,run_hr_act
J-0850,10,laser,0.49,0.072,0.49,0.074
J-0850,20,press_brake,0.85,0.123,0.92,0.131
J-0850,30,weld,0.41,0.199,0.43,0.213
J-0850,40,inspect_pack,0.23,0.066,0.24,0.073
J-0851,10,fixture,6.1,0.0,,
J-0851,20,saw,0.31,0.069,,
J-0851,30,machining,0.88,0.158,,
J-0851,40,fit_tack,1.47,0.187,,
J-0851,50,weld,0.45,0.359,,
J-0851,60,inspect_pack,0.29,0.057,,
J-0852,10,laser,0.34,0.059,,
J-0852,20,press_brake,0.57,0.055,,
J-0852,30,machining,1.06,0.118,,
J-0852,40,inspect_pack,0.21,0.032,,
J-0853,10,laser,0.38,0.039,0.41,0.04
J-0853,20,machining,0.81,0.088,0.78,0.101
J-0853,30,inspect_pack,0.19,0.021,0.18,0.021
J-0854,10,laser,0.43,0.052,,
J-0854,20,press_brake,0.92,0.085,,
J-0854,30,fit_tack,0.91,0.071,,
J-0854,40,weld,0.37,0.131,,
J-0854,50,inspect_pack,0.22,0.052,,
J-0855,10,saw,0.31,0.057,0.34,0.062
J-0855,20,machining,0.99,0.118,1.09,0.12
J-0855,30,fit_tack,1.65,0.136,3.55,0.139
J-0855,40,weld,0.48,0.273,0.53,0.307
J-0855,50,grind,0.27,0.082,0.29,0.09
J-0855,60,inspect_pack,0.24,0.048,0.24,0.048
J-0856,10,fixture,5.7,0.0,,
J-0856,20,laser,0.46,0.066,,
J-0856,30,press_brake,0.74,0.042,,
J-0856,40,saw,0.23,0.025,,
J-0856,50,fit_tack,1.81,0.154,,
J-0856,60,weld,0.49,0.351,,
J-0856,70,grind,0.27,0.081,,
J-0856,80,inspect_pack,0.23,0.046,,
J-0857,10,laser,0.43,0.064,0.43,0.067
J-0857,20,press_brake,0.8,0.044,0.76,0.061
J-0857,30,saw,0.23,0.026,0.26,0.025
J-0857,40,fit_tack,1.84,0.191,2.06,0.19
J-0857,50,weld,0.55,0.353,0.58,0.499
J-0857,60,grind,0.26,0.154,0.29,0.179
J-0857,70,inspect_pack,0.26,0.044,0.25,0.042
J-0858,10,laser,0.41,0.054,0.4,0.055
J-0858,20,press_brake,0.6,0.059,0.49,0.06
J-0858,30,machining,1.0,0.108,1.0,0.117
J-0858,40,inspect_pack,0.2,0.03,0.22,0.03
J-0859,10,saw,0.31,0.073,0.35,0.071
J-0859,20,machining,1.09,0.142,1.09,0.124
J-0859,30,fit_tack,1.46,0.181,2.57,0.177
J-0859,40,weld,0.48,0.363,0.46,0.339
J-0859,50,inspect_pack,0.26,0.058,0.28,0.061
J-0860,10,fixture,6.2,0.0,6.05,0.0
J-0860,20,saw,0.31,0.078,0.31,0.078
J-0860,30,machining,0.97,0.137,1.03,0.155
J-0860,40,fit_tack,1.46,0.195,1.65,0.187
J-0860,50,weld,0.49,0.4,0.55,0.385
J-0860,60,grind,0.29,0.095,0.33,0.097
J-0860,70,inspect_pack,0.26,0.071,0.24,0.075
J-0861,10,laser,0.47,0.057,0.5,0.058
J-0861,20,press_brake,0.77,0.088,0.81,0.086
J-0861,30,fit_tack,1.02,0.068,1.13,0.07
J-0861,40,inspect_pack,0.21,0.055,0.22,0.058
J-0862,10,fixture,6.7,0.0,6.06,0.0
J-0862,20,saw,0.29,0.063,0.31,0.067
J-0862,30,machining,1.08,0.121,1.2,0.114
J-0862,40,fit_tack,1.56,0.143,1.63,0.164
J-0862,50,weld,0.5,0.312,0.61,0.326
J-0862,60,grind,0.24,0.094,0.23,0.102
J-0862,70,inspect_pack,0.22,0.053,0.23,0.057
J-0863,10,saw,0.35,0.052,0.36,0.054
J-0863,20,machining,0.98,0.105,1.05,0.112
J-0863,30,fit_tack,1.55,0.14,3.18,0.131
J-0863,40,weld,0.51,0.271,0.56,0.285
J-0863,50,grind,0.25,0.074,0.23,0.072
J-0863,60,inspect_pack,0.25,0.046,0.28,0.052
J-0864,10,fixture,6.5,0.0,,
J-0864,20,saw,0.3,0.059,,
J-0864,30,machining,1.01,0.108,,
J-0864,40,fit_tack,1.5,0.131,,
J-0864,50,weld,0.47,0.302,,
J-0864,60,grind,0.24,0.076,,
J-0864,70,inspect_pack,0.26,0.045,,
J-0865,10,laser,0.49,0.07,0.51,0.073
J-0865,20,press_brake,0.89,0.133,1.01,0.134
J-0865,30,weld,0.41,0.189,0.37,0.208
J-0865,40,inspect_pack,0.27,0.072,0.28,0.076
J-0866,10,laser,0.37,0.045,,
J-0866,20,press_brake,0.58,0.046,,
J-0866,30,machining,1.03,0.091,,
J-0866,40,inspect_pack,0.17,0.026,,
J-0867,10,laser,0.53,0.061,,
J-0867,20,press_brake,0.84,0.108,,
J-0867,30,fit_tack,0.93,0.083,,
J-0867,40,inspect_pack,0.23,0.064,,
J-0868,10,laser,0.52,0.077,0.62,0.074
J-0868,20,press_brake,0.79,0.111,0.79,0.116
J-0868,30,fit_tack,0.87,0.09,1.86,0.098
J-0868,40,weld,0.44,0.208,0.42,0.215
J-0868,50,inspect_pack,0.25,0.071,0.29,0.075
J-0869,10,saw,0.31,0.069,,
J-0869,20,machining,1.09,0.136,,
J-0869,30,fit_tack,1.56,0.153,,
J-0869,40,weld,0.45,0.312,,
J-0869,50,inspect_pack,0.28,0.054,,
J-0870,10,fixture,6.6,0.0,,
J-0870,20,laser,0.42,0.058,,
J-0870,30,press_brake,0.66,0.044,,
J-0870,40,saw,0.28,0.025,,
J-0870,50,fit_tack,1.99,0.163,,
J-0870,60,weld,0.41,0.316,,
J-0870,70,grind,0.25,0.15,,
J-0870,80,inspect_pack,0.24,0.043,,
J-0871,10,laser,0.47,0.075,0.46,0.079
J-0871,20,press_brake,0.77,0.107,0.78,0.123
J-0871,30,weld,0.4,0.154,0.47,0.161
J-0871,40,inspect_pack,0.23,0.066,0.24,0.062
J-0872,10,laser,0.58,0.07,0.62,0.074
J-0872,20,press_brake,0.78,0.047,0.89,0.046
J-0872,30,saw,0.24,0.031,0.24,0.035
J-0872,40,fit_tack,1.9,0.194,3.48,0.195
J-0872,50,weld,0.46,0.506,0.48,0.533
J-0872,60,grind,0.27,0.108,0.35,0.113
J-0872,70,inspect_pack,0.24,0.043,0.27,0.039
J-0873,10,laser,0.42,0.042,0.42,0.047
J-0873,20,press_brake,0.55,0.038,0.6,0.051
J-0873,30,machining,0.82,0.082,1.02,0.073
J-0873,40,inspect_pack,0.19,0.025,0.23,0.021
J-0874,10,laser,0.51,0.054,,
J-0874,20,press_brake,0.85,0.095,,
J-0874,30,fit_tack,0.96,0.08,,
J-0874,40,weld,0.43,0.138,,
J-0874,50,inspect_pack,0.23,0.059,,
J-0875,10,fixture,6.7,0.0,7.33,0.0
J-0875,20,saw,0.25,0.066,0.28,0.066
J-0875,30,machining,1.02,0.116,0.88,0.125
J-0875,40,fit_tack,1.74,0.166,2.13,0.184
J-0875,50,weld,0.48,0.308,0.41,0.296
J-0875,60,inspect_pack,0.27,0.048,0.24,0.05
J-0876,10,laser,0.43,0.048,0.39,0.052
J-0876,20,press_brake,0.63,0.055,0.7,0.055
J-0876,30,machining,1.03,0.09,1.06,0.08
J-0876,40,inspect_pack,0.19,0.029,0.19,0.03
J-0877,10,fixture,6.1,0.0,6.21,0.0
J-0877,20,laser,0.49,0.083,0.53,0.091
J-0877,30,press_brake,0.72,0.056,0.75,0.059
J-0877,40,saw,0.3,0.036,0.31,0.035
J-0877,50,fit_tack,2.15,0.231,2.37,0.229
J-0877,60,weld,0.52,0.472,0.57,0.626
J-0877,70,grind,0.26,0.228,0.26,0.227
J-0877,80,inspect_pack,0.24,0.056,0.21,0.059
J-0878,10,fixture,7.0,0.0,6.9,0.0
J-0878,20,laser,0.51,0.091,0.63,0.091
J-0878,30,press_brake,0.72,0.064,0.69,0.061
J-0878,40,saw,0.19,0.035,0.17,0.04
J-0878,50,fit_tack,1.72,0.236,2.04,0.253
J-0878,60,weld,0.46,0.527,0.44,0.525
J-0878,70,grind,0.24,0.141,0.25,0.159
J-0878,80,inspect_pack,0.26,0.052,0.29,0.062
J-0879,10,laser,0.44,0.084,0.44,0.083
J-0879,20,press_brake,0.65,0.059,0.56,0.06
J-0879,30,saw,0.27,0.031,0.31,0.033
J-0879,40,fit_tack,1.97,0.213,2.07,0.205
J-0879,50,weld,0.51,0.433,0.55,0.599
J-0879,60,grind,0.27,0.191,0.29,0.186
J-0879,70,inspect_pack,0.24,0.049,0.27,0.04
J-0880,10,fixture,6.6,0.0,,
J-0880,20,saw,0.29,0.064,,
J-0880,30,machining,0.99,0.127,,
J-0880,40,fit_tack,1.49,0.186,,
J-0880,50,weld,0.57,0.333,,
J-0880,60,inspect_pack,0.23,0.056,,
J-0842,10,laser,0.4,0.05,0.45,0.052
J-0842,20,machining,1.0,0.1,1.1,0.104
J-0842,30,inspect_pack,0.2,0.03,0.2,0.03
J-0881,10,laser,0.52,0.064,0.68,0.059
J-0881,20,press_brake,0.74,0.04,0.76,0.041
J-0881,30,saw,0.22,0.026,0.22,0.029
J-0881,40,fit_tack,1.9,0.17,2.08,0.177
J-0881,50,weld,0.46,0.366,0.52,0.455
J-0881,60,grind,0.26,0.087,0.28,0.091
J-0881,70,inspect_pack,0.23,0.041,0.2,0.041
J-0882,10,fixture,7.0,0.0,,
J-0882,20,laser,0.49,0.064,,
J-0882,30,press_brake,0.55,0.048,,
J-0882,40,saw,0.24,0.031,,
J-0882,50,fit_tack,1.97,0.168,,
J-0882,60,weld,0.52,0.433,,
J-0882,70,grind,0.23,0.191,,
J-0882,80,inspect_pack,0.26,0.043,,
J-0883,10,fixture,6.1,0.0,6.43,0.0
J-0883,20,saw,0.38,0.13,0.45,0.134
J-0883,30,laser,0.49,0.081,0.5,0.073
J-0883,40,press_brake,0.65,0.062,0.71,0.067
J-0883,50,fit_tack,2.85,0.692,2.48,0.768
J-0883,60,weld,0.64,1.495,0.72,1.586
J-0883,70,grind,0.29,0.337,0.32,0.359
J-0883,80,inspect_pack,0.36,0.166,0.41,0.15
J-0884,10,fixture,5.5,0.0,,
J-0884,20,laser,0.52,0.076,,
J-0884,30,press_brake,0.71,0.054,,
J-0884,40,saw,0.25,0.032,,
J-0884,50,fit_tack,1.77,0.193,,
J-0884,60,weld,0.52,0.438,,
J-0884,70,inspect_pack,0.26,0.048,,
J-0885,10,laser,0.54,0.066,,
J-0885,20,press_brake,0.81,0.118,,
J-0885,30,inspect_pack,0.25,0.07,,
J-0886,10,fixture,6.2,0.0,,
J-0886,20,laser,0.52,0.061,,
J-0886,30,press_brake,0.71,0.052,,
J-0886,40,saw,0.25,0.03,,
J-0886,50,fit_tack,1.89,0.185,,
J-0886,60,weld,0.51,0.384,,
J-0886,70,grind,0.22,0.101,,
J-0886,80,inspect_pack,0.25,0.041,,
J-0887,10,saw,0.4,0.135,0.43,0.15
J-0887,20,laser,0.51,0.091,0.59,0.088
J-0887,30,press_brake,0.67,0.089,0.72,0.086
J-0887,40,fit_tack,3.05,0.821,5.09,0.864
J-0887,50,weld,0.61,1.684,0.79,2.193
J-0887,60,grind,0.35,0.609,0.43,0.612
J-0887,70,inspect_pack,0.39,0.189,0.41,0.188
J-0888,10,saw,0.28,0.05,0.29,0.052
J-0888,20,machining,1.0,0.102,1.17,0.109
J-0888,30,fit_tack,1.47,0.117,1.54,0.13
J-0888,40,weld,0.54,0.235,0.7,0.242
J-0888,50,grind,0.23,0.069,0.25,0.077
J-0888,60,inspect_pack,0.28,0.044,0.28,0.044
J-0889,10,laser,0.46,0.056,,
J-0889,20,press_brake,0.75,0.09,,
J-0889,30,fit_tack,0.92,0.074,,
J-0889,40,weld,0.43,0.132,,
J-0889,50,inspect_pack,0.24,0.054,,
J-0890,10,fixture,6.5,0.0,,
J-0890,20,saw,0.41,0.193,,
J-0890,30,laser,0.5,0.123,,
J-0890,40,fit_tack,2.92,1.084,,
J-0890,50,weld,0.58,2.424,,
J-0890,60,grind,0.29,0.474,,
J-0890,70,inspect_pack,0.42,0.243,,
J-0918,10,fixture,6.0,0.0,6.4,0.0
J-0918,20,laser,0.5,0.075,0.55,0.078
J-0918,30,press_brake,0.7,0.05,0.75,0.052
J-0918,40,saw,0.25,0.03,0.25,0.031
J-0918,50,fit_tack,2.0,0.2,2.2,0.21
J-0918,60,weld,0.5,0.45,0.55,0.6
J-0918,70,grind,0.25,0.18,0.3,0.2
J-0918,80,inspect_pack,0.25,0.05,0.25,0.05
J-0891,10,laser,0.53,0.1,,
J-0891,20,press_brake,0.69,0.064,,
J-0891,30,saw,0.23,0.038,,
J-0891,40,fit_tack,2.01,0.247,,
J-0891,50,weld,0.56,0.508,,
J-0891,60,grind,0.25,0.141,,
J-0891,70,inspect_pack,0.22,0.054,,
J-0892,10,laser,0.37,0.064,,
J-0892,20,machining,1.01,0.117,,
J-0892,30,inspect_pack,0.19,0.036,,
J-0893,10,saw,0.37,0.145,,
J-0893,20,laser,0.52,0.102,,
J-0893,30,press_brake,0.64,0.067,,
J-0893,40,fit_tack,2.86,0.782,,
J-0893,50,weld,0.58,1.793,,
J-0893,60,machining,1.26,0.285,,
J-0893,70,inspect_pack,0.36,0.192,,
J-0894,10,fixture,5.3,0.0,6.44,0.0
J-0894,20,laser,0.5,0.079,0.58,0.082
J-0894,30,press_brake,0.64,0.06,0.64,0.067
J-0894,40,saw,0.22,0.033,0.21,0.035
J-0894,50,fit_tack,2.21,0.208,2.82,0.217
J-0894,60,weld,0.5,0.464,0.49,0.458
J-0894,70,grind,0.23,0.115,0.21,0.124
J-0894,80,inspect_pack,0.23,0.049,0.27,0.049
J-0895,10,laser,0.38,0.06,0.38,0.058
J-0895,20,press_brake,0.59,0.056,0.61,0.077
J-0895,30,machining,1.02,0.117,1.26,0.124
J-0895,40,inspect_pack,0.21,0.035,0.23,0.038
J-0896,10,laser,0.47,0.069,,
J-0896,20,press_brake,0.72,0.05,,
J-0896,30,saw,0.27,0.029,,
J-0896,40,fit_tack,2.05,0.193,,
J-0896,50,weld,0.59,0.415,,
J-0896,60,grind,0.26,0.108,,
J-0896,70,inspect_pack,0.27,0.048,,
J-0897,10,saw,0.4,0.126,0.43,0.127
J-0897,20,laser,0.44,0.087,0.48,0.092
J-0897,30,fit_tack,2.89,0.816,2.92,0.765
J-0897,40,weld,0.63,1.642,0.67,1.458
J-0897,50,grind,0.32,0.327,0.35,0.359
J-0897,60,machining,1.1,0.257,1.43,0.258
J-0897,70,inspect_pack,0.42,0.187,0.42,0.178
J-0898,10,saw,0.29,0.064,0.31,0.062
J-0898,20,machining,1.14,0.139,1.18,0.124
J-0898,30,fit_tack,1.46,0.169,1.67,0.165
J-0898,40,weld,0.5,0.352,0.52,0.345
J-0898,50,grind,0.24,0.083,0.25,0.085
J-0898,60,inspect_pack,0.24,0.057,0.26,0.064
J-0899,10,laser,0.53,0.078,0.6,0.086
J-0899,20,press_brake,0.71,0.054,0.85,0.058
J-0899,30,saw,0.23,0.027,0.24,0.03
J-0899,40,fit_tack,2.04,0.184,2.36,0.198
J-0899,50,weld,0.53,0.444,0.48,0.444
J-0899,60,inspect_pack,0.23,0.049,0.26,0.05
J-0900,10,laser,0.51,0.07,,
J-0900,20,press_brake,0.83,0.109,,
J-0900,30,fit_tack,1.19,0.08,,
J-0900,40,inspect_pack,0.25,0.065,,
J-0901,10,saw,0.41,0.16,0.48,0.153
J-0901,20,laser,0.47,0.107,0.52,0.106
J-0901,30,press_brake,0.67,0.078,0.59,0.079
J-0901,40,fit_tack,3.14,1.0,6.64,1.062
J-0901,50,weld,0.63,2.215,0.67,3.022
J-0901,60,grind,0.26,0.63,0.27,0.592
J-0901,70,inspect_pack,0.37,0.202,0.43,0.201
J-0902,10,laser,0.46,0.061,,
J-0902,20,press_brake,0.71,0.038,,
J-0902,30,saw,0.25,0.026,,
J-0902,40,fit_tack,1.91,0.17,,
J-0902,50,weld,0.52,0.404,,
J-0902,60,grind,0.24,0.156,,
J-0902,70,inspect_pack,0.24,0.045,,
J-0903,10,laser,0.41,0.054,,
J-0903,20,press_brake,0.7,0.055,,
J-0903,30,machining,0.91,0.099,,
J-0903,40,inspect_pack,0.19,0.03,,
J-0904,10,laser,0.37,0.056,,
J-0904,20,machining,1.08,0.105,,
J-0904,30,inspect_pack,0.2,0.036,,
J-0905,10,laser,0.38,0.046,0.44,0.046
J-0905,20,press_brake,0.77,0.073,0.8,0.075
J-0905,30,fit_tack,1.0,0.071,1.13,0.081
J-0905,40,weld,0.41,0.127,0.45,0.138
J-0905,50,inspect_pack,0.27,0.045,0.28,0.049
J-0906,10,fixture,6.7,0.0,7.06,0.0
J-0906,20,laser,0.58,0.068,0.6,0.073
J-0906,30,press_brake,0.71,0.048,0.86,0.051
J-0906,40,saw,0.28,0.027,0.31,0.028
J-0906,50,fit_tack,2.06,0.178,2.1,0.181
J-0906,60,weld,0.59,0.392,0.63,0.522
J-0906,70,grind,0.28,0.17,0.3,0.165
J-0906,80,inspect_pack,0.2,0.047,0.22,0.053
J-0907,10,laser,0.49,0.089,0.52,0.095
J-0907,20,press_brake,0.69,0.054,0.71,0.058
J-0907,30,saw,0.26,0.035,0.28,0.036
J-0907,40,fit_tack,1.99,0.23,2.12,0.244
J-0907,50,weld,0.41,0.505,0.42,0.575
J-0907,60,grind,0.27,0.137,0.36,0.13
J-0907,70,inspect_pack,0.23,0.056,0.21,0.054
J-0908,10,fixture,6.2,0.0,,
J-0908,20,laser,0.53,0.057,,
J-0908,30,press_brake,0.74,0.04,,
J-0908,40,saw,0.26,0.027,,
J-0908,50,fit_tack,1.69,0.173,,
J-0908,60,weld,0.51,0.346,,
J-0908,70,inspect_pack,0.25,0.04,,
J-0909,10,fixture,5.2,0.0,,
J-0909,20,saw,0.44,0.179,,
J-0909,30,laser,0.47,0.115,,
J-0909,40,fit_tack,3.37,0.969,,
J-0909,50,weld,0.65,2.491,,
J-0909,60,grind,0.3,0.785,,
J-0909,70,machining,1.3,0.311,,
J-0909,80,inspect_pack,0.39,0.208,,
J-0910,10,saw,0.31,0.063,,
J-0910,20,machining,1.01,0.141,,
J-0910,30,fit_tack,1.28,0.147,,
J-0910,40,weld,0.45,0.329,,
J-0910,50,grind,0.24,0.084,,
J-0910,60,inspect_pack,0.28,0.058,,
J-0911,10,saw,0.3,0.074,0.33,0.077
J-0911,20,machining,1.11,0.148,1.22,0.145
J-0911,30,fit_tack,1.42,0.193,2.58,0.199
J-0911,40,weld,0.54,0.418,0.5,0.449
J-0911,50,inspect_pack,0.24,0.066,0.26,0.071
J-0912,10,laser,0.4,0.039,0.36,0.042
J-0912,20,machining,0.86,0.081,0.66,0.09
J-0912,30,inspect_pack,0.2,0.022,0.17,0.024
J-0913,10,laser,0.52,0.072,,
J-0913,20,press_brake,0.74,0.047,,
J-0913,30,saw,0.24,0.031,,
J-0913,40,fit_tack,2.08,0.168,,
J-0913,50,weld,0.48,0.359,,
J-0913,60,inspect_pack,0.21,0.049,,
J-0914,10,laser,0.52,0.065,,
J-0914,20,press_brake,0.77,0.049,,
J-0914,30,saw,0.27,0.027,,
J-0914,40,fit_tack,2.07,0.193,,
J-0914,50,weld,0.56,0.407,,
J-0914,60,inspect_pack,0.29,0.047,,
J-0915,10,saw,0.36,0.123,,
J-0915,20,laser,0.48,0.089,,
J-0915,30,press_brake,0.66,0.073,,
J-0915,40,fit_tack,2.81,0.901,,
J-0915,50,weld,0.57,1.989,,
J-0915,60,grind,0.29,0.577,,
J-0915,70,inspect_pack,0.37,0.182,,
J-0916,10,saw,0.3,0.055,0.25,0.059
J-0916,20,machining,1.12,0.116,0.97,0.123
J-0916,30,fit_tack,1.44,0.149,1.48,0.155
J-0916,40,weld,0.46,0.26,0.44,0.239
J-0916,50,inspect_pack,0.25,0.047,0.29,0.047
J-0917,10,laser,0.48,0.049,,
J-0917,20,press_brake,0.82,0.088,,
J-0917,30,fit_tack,0.86,0.066,,
J-0917,40,weld,0.39,0.127,,
J-0917,50,grind,0.22,0.078,,
J-0917,60,inspect_pack,0.25,0.052,,
J-0919,10,saw,0.3,0.052,,
J-0919,20,machining,1.02,0.101,,
J-0919,30,fit_tack,1.58,0.126,,
J-0919,40,weld,0.49,0.255,,
J-0919,50,grind,0.25,0.072,,
J-0919,60,inspect_pack,0.25,0.046,,
J-0920,10,laser,0.6,0.07,0.74,0.078
J-0920,20,press_brake,0.84,0.103,0.81,0.105
J-0920,30,fit_tack,1.08,0.093,1.99,0.106
J-0920,40,weld,0.38,0.161,0.41,0.164
J-0920,50,inspect_pack,0.26,0.063,0.31,0.065
J-0921,10,laser,0.53,0.056,0.53,0.052
J-0921,20,press_brake,0.84,0.089,0.82,0.101
J-0921,30,weld,0.48,0.139,0.49,0.118
J-0921,40,inspect_pack,0.23,0.059,0.25,0.06
J-0922,10,laser,0.52,0.065,0.52,0.057
J-0922,20,press_brake,0.76,0.108,0.87,0.113
J-0922,30,fit_tack,1.07,0.083,1.09,0.08
J-0922,40,grind,0.28,0.058,0.25,0.061
J-0922,50,inspect_pack,0.22,0.063,0.27,0.066
J-0923,10,fixture,6.4,0.0,7.19,0.0
J-0923,20,laser,0.58,0.057,0.44,0.061
J-0923,30,press_brake,0.65,0.045,0.62,0.042
J-0923,40,saw,0.23,0.026,0.24,0.028
J-0923,50,fit_tack,2.09,0.172,1.85,0.186
J-0923,60,weld,0.5,0.37,0.56,0.355
J-0923,70,inspect_pack,0.26,0.041,0.25,0.045
J-0924,10,laser,0.47,0.098,,
J-0924,20,press_brake,0.63,0.057,,
J-0924,30,saw,0.25,0.034,,
J-0924,40,fit_tack,1.89,0.206,,
J-0924,50,weld,0.5,0.42,,
J-0924,60,grind,0.24,0.115,,
J-0924,70,inspect_pack,0.26,0.058,,
J-0925,10,fixture,6.2,0.0,6.44,0.0
J-0925,20,laser,0.54,0.091,0.47,0.093
J-0925,30,press_brake,0.75,0.059,0.83,0.055
J-0925,40,saw,0.27,0.035,0.3,0.036
J-0925,50,fit_tack,2.01,0.259,1.98,0.282
J-0925,60,weld,0.45,0.55,0.37,0.814
J-0925,70,grind,0.29,0.213,0.35,0.225
J-0925,80,inspect_pack,0.26,0.068,0.27,0.067
J-0926,10,saw,0.38,0.137,,
J-0926,20,laser,0.56,0.107,,
J-0926,30,press_brake,0.79,0.094,,
J-0926,40,fit_tack,2.93,0.978,,
J-0926,50,weld,0.68,2.245,,
J-0926,60,grind,0.33,0.651,,
J-0926,70,inspect_pack,0.39,0.186,,
J-0955,10,laser,0.4,0.05,0.4,0.051
J-0955,20,machining,1.0,0.1,1.0,0.101
J-0955,30,inspect_pack,0.2,0.03,0.2,0.03
J-0927,10,fixture,6.2,0.0,7.07,0.0
J-0927,20,saw,0.3,0.074,0.38,0.076
J-0927,30,machining,1.01,0.152,0.92,0.142
J-0927,40,fit_tack,1.34,0.178,1.51,0.183
J-0927,50,weld,0.48,0.424,0.55,0.457
J-0927,60,inspect_pack,0.25,0.063,0.26,0.062
J-0928,10,saw,0.44,0.154,,
J-0928,20,laser,0.44,0.097,,
J-0928,30,press_brake,0.59,0.084,,
J-0928,40,fit_tack,3.18,1.011,,
J-0928,50,weld,0.58,1.983,,
J-0928,60,grind,0.29,0.379,,
J-0928,70,inspect_pack,0.33,0.182,,
J-0929,10,laser,0.5,0.068,,
J-0929,20,press_brake,0.77,0.047,,
J-0929,30,saw,0.24,0.029,,
J-0929,40,fit_tack,2.08,0.196,,
J-0929,50,weld,0.56,0.443,,
J-0929,60,grind,0.23,0.104,,
J-0929,70,inspect_pack,0.23,0.046,,
J-0930,10,saw,0.26,0.055,,
J-0930,20,machining,0.93,0.105,,
J-0930,30,fit_tack,1.35,0.14,,
J-0930,40,weld,0.46,0.267,,
J-0930,50,grind,0.24,0.073,,
J-0930,60,inspect_pack,0.23,0.044,,
J-0931,10,laser,0.51,0.082,,
J-0931,20,press_brake,0.71,0.064,,
J-0931,30,saw,0.27,0.036,,
J-0931,40,fit_tack,1.89,0.236,,
J-0931,50,weld,0.45,0.534,,
J-0931,60,grind,0.26,0.135,,
J-0931,70,inspect_pack,0.26,0.059,,
J-0932,10,laser,0.49,0.088,,
J-0932,20,press_brake,0.72,0.061,,
J-0932,30,saw,0.29,0.035,,
J-0932,40,fit_tack,1.85,0.237,,
J-0932,50,weld,0.48,0.485,,
J-0932,60,grind,0.24,0.186,,
J-0932,70,inspect_pack,0.25,0.06,,
J-0933,10,saw,0.32,0.073,,
J-0933,20,machining,0.88,0.137,,
J-0933,30,fit_tack,1.58,0.165,,
J-0933,40,weld,0.47,0.351,,
J-0933,50,grind,0.22,0.091,,
J-0933,60,inspect_pack,0.23,0.059,,
J-0934,10,laser,0.38,0.055,,
J-0934,20,press_brake,0.55,0.058,,
J-0934,30,machining,0.89,0.118,,
J-0934,40,inspect_pack,0.22,0.036,,
J-0935,10,laser,0.48,0.066,,
J-0935,20,press_brake,0.85,0.113,,
J-0935,30,weld,0.37,0.163,,
J-0935,40,grind,0.26,0.105,,
J-0935,50,inspect_pack,0.22,0.068,,
J-0936,10,laser,0.52,0.075,0.52,0.072
J-0936,20,press_brake,0.68,0.057,0.7,0.063
J-0936,30,saw,0.24,0.036,0.24,0.035
J-0936,40,fit_tack,1.69,0.223,1.8,0.237
J-0936,50,weld,0.42,0.503,0.51,0.705
J-0936,60,grind,0.28,0.22,0.31,0.209
J-0936,70,inspect_pack,0.28,0.057,0.27,0.054
J-0937,10,laser,0.4,0.061,,
J-0937,20,machining,1.25,0.122,,
J-0937,30,inspect_pack,0.21,0.033,,
J-0938,10,laser,0.43,0.043,0.46,0.045
J-0938,20,machining,0.98,0.085,0.77,0.1
J-0938,30,inspect_pack,0.17,0.025,0.16,0.029
J-0939,10,laser,0.41,0.061,,
J-0939,20,press_brake,0.6,0.061,,
J-0939,30,machining,0.94,0.116,,
J-0939,40,inspect_pack,0.19,0.034,,
J-0940,10,laser,0.5,0.082,0.41,0.087
J-0940,20,press_brake,0.68,0.054,0.64,0.052
J-0940,30,saw,0.25,0.035,0.23,0.038
J-0940,40,fit_tack,1.89,0.227,2.12,0.263
J-0940,50,weld,0.5,0.487,0.49,0.453
J-0940,60,inspect_pack,0.23,0.051,0.23,0.051
J-0941,10,laser,0.49,0.078,0.54,0.086
J-0941,20,press_brake,0.8,0.102,0.92,0.099
J-0941,30,weld,0.39,0.165,0.45,0.165
J-0941,40,inspect_pack,0.27,0.071,0.26,0.07
J-0942,10,saw,0.4,0.179,,
J-0942,20,laser,0.58,0.122,,
J-0942,30,press_brake,0.68,0.104,,
J-0942,40,fit_tack,2.9,1.156,,
J-0942,50,weld,0.6,2.197,,
J-0942,60,grind,0.35,0.506,,
J-0942,70,machining,1.12,0.369,,
J-0942,80,inspect_pack,0.39,0.254,,
J-0943,10,saw,0.31,0.05,0.32,0.06
J-0943,20,machining,1.09,0.115,1.29,0.113
J-0943,30,fit_tack,1.61,0.152,1.65,0.154
J-0943,40,weld,0.53,0.305,0.56,0.32
J-0943,50,inspect_pack,0.25,0.047,0.3,0.044
J-0987,10,laser,0.5,0.075,0.5,0.077
J-0987,20,press_brake,0.7,0.05,0.7,0.051
J-0987,30,saw,0.25,0.03,0.25,0.03
J-0987,40,fit_tack,2.0,0.2,2.1,0.2
J-0987,50,weld,0.5,0.44,0.5,0.58
J-0987,60,grind,0.25,0.18,0.25,0.21
J-0987,70,inspect_pack,0.25,0.05,0.25,0.05
J-0944,10,fixture,6.2,0.0,,
J-0944,20,laser,0.52,0.082,,
J-0944,30,press_brake,0.62,0.056,,
J-0944,40,saw,0.26,0.034,,
J-0944,50,fit_tack,1.99,0.232,,
J-0944,60,weld,0.47,0.512,,
J-0944,70,grind,0.22,0.121,,
J-0944,80,inspect_pack,0.26,0.053,,
J-0945,10,laser,0.47,0.069,0.47,0.069
J-0945,20,press_brake,0.75,0.109,0.94,0.12
J-0945,30,fit_tack,0.91,0.089,1.48,0.09
J-0945,40,weld,0.43,0.155,0.39,0.163
J-0945,50,grind,0.26,0.065,0.31,0.066
J-0945,60,inspect_pack,0.26,0.064,0.27,0.067
J-0946,10,laser,0.51,0.077,0.57,0.079
J-0946,20,press_brake,0.74,0.055,0.7,0.049
J-0946,30,saw,0.25,0.03,0.26,0.034
J-0946,40,fit_tack,1.84,0.2,2.24,0.211
J-0946,50,weld,0.48,0.433,0.6,0.618
J-0946,60,grind,0.29,0.179,0.29,0.178
J-0946,70,inspect_pack,0.3,0.048,0.29,0.043
J-0947,10,saw,0.28,0.049,,
J-0947,20,machining,0.85,0.106,,
J-0947,30,fit_tack,1.42,0.129,,
J-0947,40,weld,0.51,0.243,,
J-0947,50,inspect_pack,0.25,0.047,,
J-0948,10,saw,0.28,0.068,,
J-0948,20,machining,1.11,0.136,,
J-0948,30,fit_tack,1.51,0.189,,
J-0948,40,weld,0.53,0.363,,
J-0948,50,grind,0.26,0.091,,
J-0948,60,inspect_pack,0.23,0.058,,
J-0949,10,laser,0.46,0.054,0.47,0.053
J-0949,20,press_brake,0.81,0.084,0.79,0.08
J-0949,30,grind,0.23,0.085,0.24,0.098
J-0949,40,inspect_pack,0.26,0.061,0.33,0.056
J-0950,10,saw,0.29,0.051,,
J-0950,20,machining,0.99,0.101,,
J-0950,30,fit_tack,1.58,0.127,,
J-0950,40,weld,0.47,0.244,,
J-0950,50,grind,0.26,0.07,,
J-0950,60,inspect_pack,0.25,0.045,,
J-0951,10,laser,0.47,0.063,,
J-0951,20,press_brake,0.75,0.097,,
J-0951,30,fit_tack,1.22,0.085,,
J-0951,40,weld,0.43,0.155,,
J-0951,50,inspect_pack,0.24,0.064,,
J-0952,10,fixture,5.8,0.0,,
J-0952,20,saw,0.42,0.143,,
J-0952,30,laser,0.52,0.101,,
J-0952,40,press_brake,0.65,0.074,,
J-0952,50,fit_tack,2.98,0.779,,
J-0952,60,weld,0.51,1.841,,
J-0952,70,grind,0.34,0.579,,
J-0952,80,inspect_pack,0.46,0.189,,
J-0953,10,fixture,6.0,0.0,7.46,0.0
J-0953,20,laser,0.51,0.077,0.56,0.083
J-0953,30,press_brake,0.71,0.051,0.56,0.052
J-0953,40,saw,0.25,0.033,0.31,0.037
J-0953,50,fit_tack,1.99,0.209,1.72,0.211
J-0953,60,weld,0.49,0.48,0.46,0.498
J-0953,70,inspect_pack,0.25,0.051,0.24,0.053
J-0954,10,laser,0.51,0.081,,
J-0954,20,press_brake,0.65,0.12,,
J-0954,30,fit_tack,1.07,0.092,,
J-0954,40,weld,0.38,0.167,,
J-0954,50,grind,0.25,0.064,,
J-0954,60,inspect_pack,0.25,0.071,,
J-0956,10,fixture,5.8,0.0,5.82,0.0
J-0956,20,saw,0.36,0.141,0.41,0.131
J-0956,30,laser,0.51,0.09,0.55,0.093
J-0956,40,press_brake,0.72,0.079,0.88,0.08
J-0956,50,fit_tack,3.01,0.782,3.11,0.852
J-0956,60,weld,0.59,1.766,0.54,1.745
J-0956,70,grind,0.27,0.317,0.28,0.345
J-0956,80,machining,1.26,0.25,1.39,0.244
J-0956,90,inspect_pack,0.46,0.178,0.49,0.202
J-0957,10,laser,0.49,0.06,,
J-0957,20,press_brake,0.83,0.106,,
J-0957,30,fit_tack,0.91,0.087,,
J-0957,40,weld,0.43,0.164,,
J-0957,50,inspect_pack,0.23,0.059,,
J-0958,10,saw,0.34,0.146,0.35,0.134
J-0958,20,laser,0.47,0.112,0.56,0.109
J-0958,30,press_brake,0.68,0.078,0.78,0.077
J-0958,40,fit_tack,2.82,0.931,5.7,1.038
J-0958,50,weld,0.56,2.107,0.6,2.107
J-0958,60,machining,1.16,0.289,1.22,0.284
J-0958,70,inspect_pack,0.37,0.183,0.42,0.18
J-0959,10,laser,0.36,0.042,0.37,0.043
J-0959,20,press_brake,0.62,0.047,0.7,0.048
J-0959,30,machining,1.02,0.082,1.04,0.084
J-0959,40,inspect_pack,0.19,0.027,0.22,0.027
J-0960,10,laser,0.51,0.073,0.54,0.08
J-0960,20,press_brake,0.71,0.046,0.74,0.053
J-0960,30,saw,0.27,0.027,0.28,0.027
J-0960,40,fit_tack,2.03,0.191,2.1,0.179
J-0960,50,weld,0.44,0.389,0.42,0.428
J-0960,60,grind,0.24,0.107,0.25,0.107
J-0960,70,inspect_pack,0.25,0.043,0.29,0.049
J-1042,10,laser,0.5,0.075,0.55,0.078
J-1042,20,press_brake,0.7,0.05,0.72,0.052
J-1042,30,saw,0.25,0.03,0.25,0.031
J-1042,40,fit_tack,2.0,0.2,2.1,0.21
J-1042,50,weld,0.5,0.46,0.55,0.62
J-1042,60,grind,0.25,0.18,0.3,0.21
J-1042,70,inspect_pack,0.25,0.05,0.25,0.05
J-0961,10,laser,0.39,0.05,0.46,0.049
J-0961,20,press_brake,0.6,0.054,0.6,0.062
J-0961,30,machining,1.03,0.099,1.11,0.1
J-0961,40,inspect_pack,0.21,0.032,0.24,0.035
J-0962,10,laser,0.56,0.051,,
J-0962,20,press_brake,0.63,0.089,,
J-0962,30,weld,0.44,0.144,,
J-0962,40,inspect_pack,0.27,0.055,,
J-0963,10,laser,0.47,0.098,,
J-0963,20,press_brake,0.74,0.05,,
J-0963,30,saw,0.28,0.035,,
J-0963,40,fit_tack,2.09,0.226,,
J-0963,50,weld,0.47,0.499,,
J-0963,60,grind,0.27,0.198,,
J-0963,70,inspect_pack,0.24,0.061,,
J-0964,10,laser,0.51,0.092,0.54,0.088
J-0964,20,press_brake,0.69,0.063,0.66,0.062
J-0964,30,saw,0.28,0.033,0.31,0.033
J-0964,40,fit_tack,2.32,0.246,2.29,0.254
J-0964,50,weld,0.48,0.593,0.45,0.854
J-0964,60,grind,0.23,0.209,0.24,0.212
J-0964,70,inspect_pack,0.26,0.067,0.28,0.059
J-0965,10,saw,0.28,0.057,,
J-0965,20,machining,0.96,0.122,,
J-0965,30,fit_tack,1.25,0.142,,
J-0965,40,weld,0.5,0.272,,
J-0965,50,inspect_pack,0.26,0.051,,
J-0966,10,laser,0.56,0.077,0.76,0.079
J-0966,20,press_brake,0.75,0.055,0.78,0.078
J-0966,30,saw,0.25,0.032,0.29,0.028
J-0966,40,fit_tack,1.98,0.206,2.19,0.249
J-0966,50,weld,0.55,0.471,0.61,0.49
J-0966,60,inspect_pack,0.28,0.054,0.26,0.06
J-0967,10,laser,0.41,0.042,,
J-0967,20,machining,0.93,0.078,,
J-0967,30,inspect_pack,0.2,0.025,,
J-0968,10,fixture,6.8,0.0,6.69,0.0
J-0968,20,laser,0.46,0.072,0.55,0.075
J-0968,30,press_brake,0.67,0.043,0.67,0.041
J-0968,40,saw,0.27,0.027,0.23,0.025
J-0968,50,fit_tack,1.83,0.186,1.94,0.204
J-0968,60,weld,0.52,0.391,0.52,0.379
J-0968,70,grind,0.25,0.098,0.26,0.094
J-0968,80,inspect_pack,0.28,0.039,0.32,0.046
J-0969,10,laser,0.45,0.056,,
J-0969,20,press_brake,0.65,0.055,,
J-0969,30,machining,1.0,0.114,,
J-0969,40,inspect_pack,0.23,0.035,,
J-0970,10,laser,0.46,0.066,0.54,0.061
J-0970,20,press_brake,0.73,0.047,0.81,0.052
J-0970,30,saw,0.29,0.025,0.31,0.027
J-0970,40,fit_tack,2.16,0.187,2.65,0.218
J-0970,50,weld,0.51,0.386,0.53,0.493
J-0970,60,grind,0.25,0.139,0.29,0.13
J-0970,70,inspect_pack,0.25,0.044,0.26,0.046
J-0971,10,laser,0.46,0.06,,
J-0971,20,press_brake,0.58,0.056,,
J-0971,30,machining,1.08,0.12,,
J-0971,40,inspect_pack,0.2,0.037,,
J-0972,10,saw,0.29,0.07,0.31,0.085
J-0972,20,machining,0.87,0.156,0.9,0.156
J-0972,30,fit_tack,1.65,0.167,3.48,0.175
J-0972,40,weld,0.45,0.362,0.48,0.324
J-0972,50,grind,0.24,0.089,0.21,0.08
J-0972,60,inspect_pack,0.25,0.058,0.27,0.054
J-0973,10,fixture,7.0,0.0,6.64,0.0
J-0973,20,saw,0.44,0.143,0.49,0.139
J-0973,30,laser,0.47,0.086,0.45,0.096
J-0973,40,press_brake,0.71,0.067,0.77,0.068
J-0973,50,fit_tack,2.64,0.817,2.94,0.842
J-0973,60,weld,0.63,1.862,0.69,2.822
J-0973,70,grind,0.32,0.568,0.32,0.647
J-0973,80,inspect_pack,0.37,0.186,0.38,0.202
J-0974,10,laser,0.51,0.086,,
J-0974,20,press_brake,0.76,0.054,,
J-0974,30,saw,0.26,0.033,,
J-0974,40,fit_tack,2.39,0.212,,
J-0974,50,weld,0.47,0.544,,
J-0974,60,grind,0.24,0.127,,
J-0974,70,inspect_pack,0.24,0.058,,
J-0975,10,saw,0.27,0.072,0.31,0.07
J-0975,20,machining,1.02,0.144,1.18,0.167
J-0975,30,fit_tack,1.63,0.171,1.67,0.177
J-0975,40,weld,0.47,0.408,0.47,0.465
J-0975,50,grind,0.23,0.094,0.22,0.091
J-0975,60,inspect_pack,0.24,0.061,0.29,0.065
J-0976,10,laser,0.43,0.044,0.43,0.046
J-0976,20,press_brake,0.61,0.045,0.6,0.047
J-0976,30,machining,1.07,0.097,0.93,0.105
J-0976,40,inspect_pack,0.18,0.028,0.19,0.029
J-0977,10,laser,0.47,0.071,,
J-0977,20,press_brake,0.8,0.054,,
J-0977,30,saw,0.26,0.031,,
J-0977,40,fit_tack,2.1,0.189,,
J-0977,50,weld,0.49,0.448,,
J-0977,60,grind,0.19,0.11,,
J-0977,70,inspect_pack,0.26,0.049,,
J-0978,10,fixture,6.2,0.0,,
J-0978,20,saw,0.31,0.061,,
J-0978,30,machining,0.86,0.114,,
J-0978,40,fit_tack,1.69,0.149,,
J-0978,50,weld,0.53,0.309,,
J-0978,60,inspect_pack,0.27,0.055,,
J-0979,10,saw,0.37,0.172,0.42,0.163
J-0979,20,laser,0.46,0.098,0.51,0.115
J-0979,30,fit_tack,3.44,0.907,4.12,0.839
J-0979,40,weld,0.64,1.887,0.64,1.915
J-0979,50,grind,0.26,0.357,0.24,0.377
J-0979,60,machining,1.09,0.301,1.14,0.35
J-0979,70,inspect_pack,0.3,0.185,0.31,0.206
J-0980,10,fixture,5.6,0.0,,
J-0980,20,saw,0.37,0.135,,
J-0980,30,laser,0.46,0.081,,
J-0980,40,press_brake,0.73,0.069,,
J-0980,50,fit_tack,3.21,0.87,,
J-0980,60,weld,0.69,1.708,,
J-0980,70,grind,0.3,0.349,,
J-0980,80,inspect_pack,0.41,0.194,,
J-0981,10,laser,0.54,0.069,0.61,0.076
J-0981,20,press_brake,0.75,0.112,0.72,0.116
J-0981,30,weld,0.4,0.18,0.36,0.194
J-0981,40,inspect_pack,0.24,0.06,0.24,0.061
J-0982,10,laser,0.51,0.069,,
J-0982,20,press_brake,0.7,0.054,,
J-0982,30,saw,0.27,0.033,,
J-0982,40,fit_tack,2.05,0.217,,
J-0982,50,weld,0.49,0.553,,
J-0982,60,inspect_pack,0.25,0.053,,
J-0983,10,fixture,6.0,0.0,,
J-0983,20,saw,0.38,0.151,,
J-0983,30,laser,0.46,0.097,,
J-0983,40,press_brake,0.86,0.081,,
J-0983,50,fit_tack,3.29,0.919,,
J-0983,60,weld,0.65,1.819,,
J-0983,70,grind,0.3,0.336,,
J-0983,80,machining,1.26,0.295,,
J-0983,90,inspect_pack,0.37,0.184,,
J-0984,10,saw,0.28,0.055,,
J-0984,20,machining,1.04,0.105,,
J-0984,30,fit_tack,1.5,0.139,,
J-0984,40,weld,0.54,0.262,,
J-0984,50,grind,0.29,0.069,,
J-0984,60,inspect_pack,0.25,0.045,,
J-1077,10,laser,0.5,0.075,,
J-1077,20,press_brake,0.7,0.05,,
J-1077,30,saw,0.25,0.03,,
J-1077,40,fit_tack,2.0,0.2,,
J-1077,50,weld,0.5,0.45,,
J-1077,60,grind,0.25,0.16,,
J-1077,70,inspect_pack,0.25,0.05,,
J-0985,10,laser,0.38,0.052,,
J-0985,20,machining,0.89,0.094,,
J-0985,30,inspect_pack,0.19,0.029,,
J-0986,10,fixture,6.2,0.0,5.32,0.0
J-0986,20,laser,0.43,0.08,0.41,0.09
J-0986,30,press_brake,0.62,0.052,0.64,0.06
J-0986,40,saw,0.25,0.029,0.26,0.03
J-0986,50,fit_tack,2.11,0.222,2.35,0.187
J-0986,60,weld,0.5,0.449,0.54,0.66
J-0986,70,grind,0.29,0.191,0.33,0.182
J-0986,80,inspect_pack,0.25,0.05,0.29,0.051
J-1103,10,laser,0.5,0.075,0.5,0.077
J-1103,20,press_brake,0.7,0.05,0.75,0.051
J-1103,30,saw,0.25,0.03,0.25,0.03
J-1103,40,fit_tack,2.0,0.2,4.4,0.21
J-1103,50,weld,0.5,0.42,0.5,0.43
J-1103,60,grind,0.25,0.1,0.25,0.1
J-1103,70,inspect_pack,0.25,0.05,0.3,0.05
J-0988,10,fixture,5.1,0.0,,
J-0988,20,laser,0.44,0.077,,
J-0988,30,press_brake,0.65,0.054,,
J-0988,40,saw,0.28,0.033,,
J-0988,50,fit_tack,1.67,0.219,,
J-0988,60,weld,0.51,0.542,,
J-0988,70,grind,0.27,0.181,,
J-0988,80,inspect_pack,0.25,0.052,,
J-0989,10,fixture,5.7,0.0,7.04,0.0
J-0989,20,saw,0.33,0.078,0.36,0.081
J-0989,30,machining,1.14,0.155,1.3,0.172
J-0989,40,fit_tack,1.42,0.19,1.6,0.215
J-0989,50,weld,0.53,0.353,0.59,0.391
J-0989,60,grind,0.24,0.098,0.25,0.101
J-0989,70,inspect_pack,0.25,0.07,0.31,0.08
J-0990,10,fixture,6.7,0.0,8.21,0.0
J-0990,20,saw,0.38,0.133,0.43,0.14
J-0990,30,laser,0.46,0.086,0.47,0.091
J-0990,40,press_brake,0.69,0.064,0.72,0.063
J-0990,50,fit_tack,2.34,0.769,2.49,0.806
J-0990,60,weld,0.61,1.816,0.62,2.016
J-0990,70,inspect_pack,0.41,0.158,0.47,0.16
J-0991,10,fixture,6.9,0.0,,
J-0991,20,laser,0.49,0.082,,
J-0991,30,press_brake,0.71,0.052,,
J-0991,40,saw,0.26,0.033,,
J-0991,50,fit_tack,2.12,0.212,,
J-0991,60,weld,0.57,0.514,,
J-0991,70,grind,0.23,0.122,,
J-0991,80,inspect_pack,0.27,0.055,,
J-0992,10,fixture,6.3,0.0,6.73,0.0
J-0992,20,laser,0.43,0.066,0.56,0.075
J-0992,30,press_brake,0.65,0.048,0.73,0.05
J-0992,40,saw,0.21,0.031,0.22,0.03
J-0992,50,fit_tack,1.84,0.177,1.61,0.171
J-0992,60,weld,0.54,0.427,0.56,0.419
J-0992,70,grind,0.27,0.1,0.28,0.101
J-0992,80,inspect_pack,0.25,0.047,0.25,0.047
J-0993,10,laser,0.5,0.085,0.61,0.091
J-0993,20,press_brake,0.75,0.053,0.75,0.054
J-0993,30,saw,0.24,0.033,0.25,0.032
J-0993,40,fit_tack,2.11,0.238,3.91,0.262
J-0993,50,weld,0.47,0.444,0.44,0.457
J-0993,60,inspect_pack,0.26,0.051,0.22,0.052
J-0994,10,saw,0.39,0.131,,
J-0994,20,laser,0.53,0.097,,
J-0994,30,press_brake,0.74,0.07,,
J-0994,40,fit_tack,3.16,0.806,,
J-0994,50,weld,0.58,1.765,,
J-0994,60,grind,0.34,0.365,,
J-0994,70,inspect_pack,0.4,0.167,,
J-1118,10,laser,0.4,0.05,0.42,0.05
J-1118,20,machining,1.0,0.1,1.05,0.102
J-1118,30,inspect_pack,0.2,0.03,0.2,0.03
J-0995,10,laser,0.5,0.066,,
J-0995,20,press_brake,0.7,0.048,,
J-0995,30,saw,0.26,0.027,,
J-0995,40,fit_tack,2.08,0.182,,
J-0995,50,weld,0.5,0.38,,
J-0995,60,grind,0.25,0.158,,
J-0995,70,inspect_pack,0.21,0.044,,
J-0996,10,saw,0.3,0.063,0.38,0.07
J-0996,20,machining,1.03,0.118,1.23,0.145
J-0996,30,fit_tack,1.57,0.157,1.77,0.164
J-0996,40,weld,0.46,0.317,0.53,0.326
J-0996,50,grind,0.26,0.087,0.26,0.092
J-0996,60,inspect_pack,0.27,0.053,0.27,0.052
J-0997,10,saw,0.29,0.054,,
J-0997,20,machining,0.94,0.112,,
J-0997,30,fit_tack,1.57,0.138,,
J-0997,40,weld,0.55,0.268,,
J-0997,50,grind,0.26,0.07,,
J-0997,60,inspect_pack,0.26,0.043,,
J-0998,10,laser,0.43,0.064,0.45,0.057
J-0998,20,press_brake,0.76,0.064,0.69,0.061
J-0998,30,machining,0.93,0.119,0.89,0.126
J-0998,40,inspect_pack,0.23,0.039,0.25,0.043
J-0999,10,laser,0.42,0.05,,
J-0999,20,press_brake,0.65,0.051,,
J-0999,30,machining,0.95,0.094,,
J-0999,40,inspect_pack,0.19,0.031,,
J-1000,10,fixture,6.6,0.0,,
J-1000,20,laser,0.56,0.088,,
J-1000,30,press_brake,0.73,0.063,,
J-1000,40,saw,0.23,0.039,,
J-1000,50,fit_tack,2.24,0.273,,
J-1000,60,weld,0.49,0.586,,
J-1000,70,grind,0.23,0.127,,
J-1000,80,inspect_pack,0.25,0.062,,
J-1001,10,laser,0.52,0.054,,
J-1001,20,press_brake,0.87,0.082,,
J-1001,30,fit_tack,1.07,0.072,,
J-1001,40,grind,0.25,0.085,,
J-1001,50,inspect_pack,0.25,0.051,,
J-1002,10,laser,0.49,0.056,,
J-1002,20,press_brake,0.92,0.095,,
J-1002,30,weld,0.38,0.16,,
J-1002,40,grind,0.29,0.097,,
J-1002,50,inspect_pack,0.25,0.056,,
